-- phpMyAdmin SQL Dump
-- version 4.6.5.2
-- https://www.phpmyadmin.net/
--
-- Хост: 127.0.0.1:3306
-- Время создания: Янв 26 2018 г., 02:55
-- Версия сервера: 5.6.34
-- Версия PHP: 7.0.14

SET SQL_MODE = "NO_AUTO_VALUE_ON_ZERO";
SET time_zone = "+00:00";


/*!40101 SET @OLD_CHARACTER_SET_CLIENT=@@CHARACTER_SET_CLIENT */;
/*!40101 SET @OLD_CHARACTER_SET_RESULTS=@@CHARACTER_SET_RESULTS */;
/*!40101 SET @OLD_COLLATION_CONNECTION=@@COLLATION_CONNECTION */;
/*!40101 SET NAMES utf8mb4 */;

--
-- База данных: `todo`
--

-- --------------------------------------------------------

--
-- Структура таблицы `priority`
--

CREATE TABLE `priority` (
  `id` tinyint(5) NOT NULL,
  `name` varchar(55) NOT NULL,
  `type` text NOT NULL
) ENGINE=InnoDB DEFAULT CHARSET=utf8;

--
-- Дамп данных таблицы `priority`
--

INSERT INTO `priority` (`id`, `name`, `type`) VALUES
(1, 'Низкий', 'data:image/png;base64,iVBORw0KGgoAAAANSUhEUgAAASwAAACWCAYAAABkW7XSAAAGjklEQVR4Xu3UwW0YMRTEULuN3Nx/Ub6ljbgHExHmA2/vAwmklp8fPgQQQOAIgc8j93RNBBBA4EOwPAIEEDhDQLDOqHJRBBAQLG8AAQTOEBCsM6pcFAEEBMsbQACBMwQE64wqF0UAAcHyBhBA4AwBwTqjykURQECwvAEEEDhDQLDOqHJRBBAQLG8AAQTOEBCsM6pcFAEEBMsbQACBMwQE64wqF0UAAcHyBhBA4AwBwTqjykURQECwvAEEEDhDQLDOqHJRBBAQLG8AAQTOEBCsM6pcFAEEBMsbQACBMwQE64wqF0UAAcHyBhBA4AwBwTqj6ncX/fv9/e93S6v/QeDP15d/LoAFL8C7MBWsLUuC1XwIVuM3vxasLUWC1XwIVuM3vxasLUWC1XwIVuM3vxasLUWC1XwIVuM3vxasLUWC1XwIVuM3vxasLUWC1XwIVuM3vxasLUWC1XwIVuM3vxasLUWC1XwIVuM3vxasLUWC1XwIVuM3vxasLUWC1XwIVuM3vxasLUWC1XwIVuM3vxasLUWC1XwIVuM3vxasLUWC1XwIVuM3vxasLUWC1XwIVuM3vxasLUWC1XwIVuM3vxasLUWC1XwIVuM3vxasLUWC1XwIVuM3vxasLUWC1XwIVuM3vxasLUWC1XwIVuM3vxasLUWC1XwIVuM3vxasLUWC1XwIVuM3vxasLUWC1XwIVuM3vxasLUWC1XwIVuM3vxasLUWC1XwIVuM3vxasLUWC1XwIVuM3vxasLUWC1XwIVuM3vxasLUWC1XwIVuM3vxasLUWC1XwIVuM3vxasLUWC1XwIVuM3vxasLUWC1XwIVuM3vxasLUWC1XwIVuM3vxasLUWC1XwIVuM3vxasLUWC1XwIVuM3vxasLUWC1XwIVuM3vxasLUWC1XwIVuM3vxasLUWC1XwIVuM3vxasLUWC1XwIVuM3vxasLUWC1XwIVuM3vxasLUWC1XwIVuM3vxasLUWC1XwIVuM3vxasLUWC1XwIVuM3vxasLUWC1XwIVuM3vxasLUWC1XwIVuM3vxasLUWC1XwIVuM3vxasLUWC1XwIVuM3vxasLUWC1XwIVuM3vxasLUWC1XwIVuM3vxasLUWC1XwIVuM3vxasLUWC1XwIVuM3vxasLUWC1XwIVuM3vxasLUWC1XwIVuM3vxasLUWC1XwIVuM3vxasLUWC1XwIVuM3vxasLUWC1XwIVuM3vxasLUWC1XwIVuM3vxasLUWC1XwIVuM3vxasLUWC1XwIVuM3vxasLUWC1XwIVuM3vxasLUWC1XwIVuM3vxasLUWC1XwIVuM3vxasLUWC1XwIVuM3vxasLUWC1XwIVuM3vxasLUWC1XwIVuM3vxasLUWC1XwIVuM3vxasLUWC1XwIVuM3vxasLUWC1XwIVuM3vxasLUWC1XwIVuM3vxasLUWC1XwIVuM3vxasLUWC1XwIVuM3vxasLUWC1XwIVuM3vxasLUWC1XwIVuM3vxasLUWC1XwIVuM3vxasLUWC1XwIVuM3vxasLUWC1XwIVuM3vxasLUWC1XwIVuM3vxasLUWC1XwIVuM3vxasLUWC1XwIVuM3vxasLUWC1XwIVuM3vxasLUWC1XwIVuM3vxasLUWC1XwIVuM3vxasLUWC1XwIVuM3vxasLUWC1XwIVuM3vxasLUWC1XwIVuM3vxasLUWC1XwIVuM3vxasLUWC1XwIVuM3vxasLUWC1XwIVuM3vxasLUWC1XwIVuM3vxasLUWC1XwIVuM3vxasLUWC1XwIVuM3vxasLUWC1XwIVuM3vxasLUWC1XwIVuM3vxasLUWC1XwIVuM3vxasLUWC1XwIVuM3vxasLUWC1XwIVuM3vxasLUWC1XwIVuM3vxasLUWC1XwIVuM3vxasLUWC1XwIVuM3vxasLUWC1XwIVuM3vxasLUWC1XwIVuNnjQACDwkI1kPYjkIAgUZAsBo/awQQeEhAsB7CdhQCCDQCgtX4WSOAwEMCgvUQtqMQQKAREKzGzxoBBB4SEKyHsB2FAAKNgGA1ftYIIPCQgGA9hO0oBBBoBASr8bNGAIGHBATrIWxHIYBAIyBYjZ81Agg8JCBYD2E7CgEEGgHBavysEUDgIQHBegjbUQgg0AgIVuNnjQACDwkI1kPYjkIAgUZAsBo/awQQeEhAsB7CdhQCCDQCgtX4WSOAwEMCgvUQtqMQQKAREKzGzxoBBB4SEKyHsB2FAAKNgGA1ftYIIPCQwA9i65CmRnlBdQAAAABJRU5ErkJggg=='),
(2, 'Средний', 'data:image/png;base64,iVBORw0KGgoAAAANSUhEUgAAASwAAACWCAYAAABkW7XSAAAGkElEQVR4Xu3UsW0YMRQEUakkR85cvDNHKsnuQQMT+4F3+YLEDG8+P3wIIIDAEQKfR+7pmggggMCHYHkECCBwhoBgnVHlogggIFjeAAIInCEgWGdUuSgCCAiWN4AAAmcICNYZVS6KAAKC5Q0ggMAZAoJ1RpWLIoCAYHkDCCBwhoBgnVHlogggIFjeAAIInCEgWGdUuSgCCAiWN4AAAmcICNYZVS6KAAKC5Q0ggMAZAoJ1RpWLIoCAYHkDCCBwhoBgnVHlogggIFjeAAIInCEgWGdUuSgCCAiWN4AAAmcICNYZVS6KAAKC5Q0ggMAZAoJ1RtX3Lvr159ff7y2t/geBHz9/++cCWPACvAtTwdqyJFjNh2A1fvNrwdpSJFjNh2A1fvNrwdpSJFjNh2A1fvNrwdpSJFjNh2A1fvNrwdpSJFjNh2A1fvNrwdpSJFjNh2A1fvNrwdpSJFjNh2A1fvNrwdpSJFjNh2A1fvNrwdpSJFjNh2A1fvNrwdpSJFjNh2A1fvNrwdpSJFjNh2A1fvNrwdpSJFjNh2A1fvNrwdpSJFjNh2A1fvNrwdpSJFjNh2A1fvNrwdpSJFjNh2A1fvNrwdpSJFjNh2A1fvNrwdpSJFjNh2A1fvNrwdpSJFjNh2A1fvNrwdpSJFjNh2A1fvNrwdpSJFjNh2A1fvNrwdpSJFjNh2A1fvNrwdpSJFjNh2A1fvNrwdpSJFjNh2A1fvNrwdpSJFjNh2A1fvNrwdpSJFjNh2A1fvNrwdpSJFjNh2A1fvNrwdpSJFjNh2A1fvNrwdpSJFjNh2A1fvNrwdpSJFjNh2A1fvNrwdpSJFjNh2A1fvNrwdpSJFjNh2A1fvNrwdpSJFjNh2A1fvNrwdpSJFjNh2A1fvNrwdpSJFjNh2A1fvNrwdpSJFjNh2A1fvNrwdpSJFjNh2A1fvNrwdpSJFjNh2A1fvNrwdpSJFjNh2A1fvNrwdpSJFjNh2A1fvNrwdpSJFjNh2A1fvNrwdpSJFjNh2A1fvNrwdpSJFjNh2A1fvNrwdpSJFjNh2A1fvNrwdpSJFjNh2A1fvNrwdpSJFjNh2A1fvNrwdpSJFjNh2A1fvNrwdpSJFjNh2A1fvNrwdpSJFjNh2A1fvNrwdpSJFjNh2A1fvNrwdpSJFjNh2A1fvNrwdpSJFjNh2A1fvNrwdpSJFjNh2A1fvNrwdpSJFjNh2A1fvNrwdpSJFjNh2A1fvNrwdpSJFjNh2A1fvNrwdpSJFjNh2A1fvNrwdpSJFjNh2A1fvNrwdpSJFjNh2A1fvNrwdpSJFjNh2A1fvNrwdpSJFjNh2A1fvNrwdpSJFjNh2A1fvNrwdpSJFjNh2A1fvNrwdpSJFjNh2A1fvNrwdpSJFjNh2A1fvNrwdpSJFjNh2A1fvNrwdpSJFjNh2A1fvNrwdpSJFjNh2A1fvNrwdpSJFjNh2A1fvNrwdpSJFjNh2A1fvNrwdpSJFjNh2A1fvNrwdpSJFjNh2A1fvNrwdpSJFjNh2A1fvNrwdpSJFjNh2A1fvNrwdpSJFjNh2A1fvNrwdpSJFjNh2A1fvNrwdpSJFjNh2A1fvNrwdpSJFjNh2A1fvNrwdpSJFjNh2A1fvNrwdpSJFjNh2A1fvNrwdpSJFjNh2A1fvNrwdpSJFjNh2A1fvNrwdpSJFjNh2A1fvNrwdpSJFjNh2A1fvNrwdpSJFjNh2A1fvNrwdpSJFjNh2A1fvNrwdpSJFjNh2A1fvNrwdpSJFjNh2A1fvNrwdpSJFjNh2A1fvNrwdpSJFjNh2A1fvNrwdpSJFjNh2A1fvNrwdpSJFjNh2A1fvNrwdpSJFjNh2A1fvNrwdpSJFjNh2A1fvNrwdpSJFjNh2A1fvNrwdpSJFjNh2A1fvNrwdpSJFjNh2A1fvNrwdpSJFjNh2A1fvNrwdpSJFjNh2A1fvNrwdpSJFjNh2A1ftYIIPCQgGA9hO0oBBBoBASr8bNGAIGHBATrIWxHIYBAIyBYjZ81Agg8JCBYD2E7CgEEGgHBavysEUDgIQHBegjbUQgg0AgIVuNnjQACDwkI1kPYjkIAgUZAsBo/awQQeEhAsB7CdhQCCDQCgtX4WSOAwEMCgvUQtqMQQKAREKzGzxoBBB4SEKyHsB2FAAKNgGA1ftYIIPCQgGA9hO0oBBBoBASr8bNGAIGHBATrIWxHIYBAIyBYjZ81Agg8JCBYD2E7CgEEGgHBavysEUDgIQHBegjbUQgg0AgIVuNnjQACDwn8A6AJkKaZH6bLAAAAAElFTkSuQmCC'),
(3, 'Высокий', 'data:image/png;base64,iVBORw0KGgoAAAANSUhEUgAAASwAAACWCAYAAABkW7XSAAAGi0lEQVR4Xu3dMW4kMRTE0HHo+x92w/UdTFioD7zOCxJIgWl/fXwIIIDAEQJfR+7pmggggMBHsDwCBBA4Q0CwzqhyUQQQECxvAAEEzhAQrDOqXBQBBATLG0AAgTMEBOuMKhdFAAHB8gYQQOAMAcE6o8pFEUBAsLwBBBA4Q0CwzqhyUQQQECxvAAEEzhAQrDOqXBQBBATLG0AAgTMEBOuMKhdFAAHB8gYQQOAMAcE6o8pFEUBAsLwBBBA4Q0CwzqhyUQQQECxvAAEEzhAQrDOqXBQBBATLG0AAgTMEBOuMKhdFAAHB8gYQQOAMAcE6o+p3F/33+fz/3dLqLwh8f/xar3AVrELvwFawtiQJVvMhWI3f/FqwthQJVvMhWI3f/FqwthQJVvMhWI3f/FqwthQJVvMhWI3f/FqwthQJVvMhWI3f/FqwthQJVvMhWI3f/FqwthQJVvMhWI3f/FqwthQJVvMhWI3f/FqwthQJVvMhWI3f/FqwthQJVvMhWI3f/FqwthQJVvMhWI3f/FqwthQJVvMhWI3f/FqwthQJVvMhWI3f/FqwthQJVvMhWI3f/FqwthQJVvMhWI3f/FqwthQJVvMhWI3f/FqwthQJVvMhWI3f/FqwthQJVvMhWI3f/FqwthQJVvMhWI3f/FqwthQJVvMhWI3f/FqwthQJVvMhWI3f/FqwthQJVvMhWI3f/FqwthQJVvMhWI3f/FqwthQJVvMhWI3f/FqwthQJVvMhWI3f/FqwthQJVvMhWI3f/FqwthQJVvMhWI3f/FqwthQJVvMhWI3f/FqwthQJVvMhWI3f/FqwthQJVvMhWI3f/FqwthQJVvMhWI3f/FqwthQJVvMhWI3f/FqwthQJVvMhWI3f/FqwthQJVvMhWI3f/FqwthQJVvMhWI3f/FqwthQJVvMhWI3f/FqwthQJVvMhWI3f/FqwthQJVvMhWI3f/FqwthQJVvMhWI3f/FqwthQJVvMhWI3f/FqwthQJVvMhWI3f/FqwthQJVvMhWI3f/FqwthQJVvMhWI3f/FqwthQJVvMhWI3f/FqwthQJVvMhWI3f/FqwthQJVvMhWI3f/FqwthQJVvMhWI3f/FqwthQJVvMhWI3f/FqwthQJVvMhWI3f/FqwthQJVvMhWI3f/FqwthQJVvMhWI3f/FqwthQJVvMhWI3f/FqwthQJVvMhWI3f/FqwthQJVvMhWI3f/FqwthQJVvMhWI3f/FqwthQJVvMhWI3f/FqwthQJVvMhWI3f/FqwthQJVvMhWI3f/FqwthQJVvMhWI3f/FqwthQJVvMhWI3f/FqwthQJVvMhWI3f/FqwthQJVvMhWI3f/FqwthQJVvMhWI3f/FqwthQJVvMhWI3f/FqwthQJVvMhWI3f/FqwthQJVvMhWI3f/FqwthQJVvMhWI3f/FqwthQJVvMhWI3f/FqwthQJVvMhWI3f/FqwthQJVvMhWI3f/FqwthQJVvMhWI3f/FqwthQJVvMhWI3f/FqwthQJVvMhWI3f/FqwthQJVvMhWI3f/FqwthQJVvMhWI3f/FqwthQJVvMhWI3f/FqwthQJVvMhWI3f/FqwthQJVvMhWI3f/FqwthQJVvMhWI3f/FqwthQJVvMhWI3f/FqwthQJVvMhWI3f/FqwthQJVvMhWI3f/FqwthQJVvMhWI3f/FqwthQJVvMhWI3f/FqwthQJVvMhWI3f/FqwthQJVvMhWI3f/FqwthQJVvMhWI3f/FqwthQJVvMhWI3f/FqwthQJVvMhWI3f/FqwthQJVvMhWI3f/FqwthQJVvMhWI3f/FqwthQJVvMhWI3f/FqwthQJVvMhWI3f/FqwthQJVvMhWI3f/FqwthQJVvMhWI3f/FqwthQJVvMhWI3f/FqwthQJVvMhWI3f/FqwthQJVvMhWI3f/FqwthQJVvMhWI2fNQIIPCQgWA9hOwoBBBoBwWr8rBFA4CEBwXoI21EIINAICFbjZ40AAg8JCNZD2I5CAIFGQLAaP2sEEHhIQLAewnYUAgg0AoLV+FkjgMBDAoL1ELajEECgERCsxs8aAQQeEhCsh7AdhQACjYBgNX7WCCDwkIBgPYTtKAQQaAQEq/GzRgCBhwQE6yFsRyGAQCMgWI2fNQIIPCQgWA9hOwoBBBoBwWr8rBFA4CEBwXoI21EIINAICFbjZ40AAg8JCNZD2I5CAIFGQLAaP2sEEHhIQLAewnYUAgg0AoLV+FkjgMBDAj+k+MiXc9HEVwAAAABJRU5ErkJggg==');

-- --------------------------------------------------------

--
-- Структура таблицы `project`
--

CREATE TABLE `project` (
  `id` int(11) NOT NULL,
  `name_project` varchar(55) NOT NULL,
  `user_id` int(11) NOT NULL,
  `type` text NOT NULL
) ENGINE=InnoDB DEFAULT CHARSET=utf8 ROW_FORMAT=COMPACT;

--
-- Дамп данных таблицы `project`
--

INSERT INTO `project` (`id`, `name_project`, `user_id`, `type`) VALUES
(1, 'Project 1', 1, 'data:image/png;base64,iVBORw0KGgoAAAANSUhEUgAAASwAAACWCAYAAABkW7XSAAALp0lEQVR4Xu2dQXLbRhaGX4OktnFOEHmXKocIfQLLN1BOYPkEVmqo1Oys7FKRpkyfwPQJ4jmB5ROEIeMq78I5QaQtQbKnmqZccqSEBAE0Xjc+7mwB/f7+/q6/gEajYYQfBCAAgUAImEB0IhMCEICAEFgMAghAIBgCBFYwViEUAhAgsBgDEIBAMAQIrGCsQigEIEBgMQYgAIFgCBBYwViFUAhAgMBiDEAAAsEQILCCsQqhEIAAgcUYgAAEgiFAYAVjFUIhAAECizEAAQgEQ4DACsYqhEIAAgQWYwACEAiGAIEVjFUIhQAECCzGAAQgEAwBAisYqxAKAQgQWIwBCEAgGAIEVjBWIRQCECCwGAMQgEAwBAisYKxCKAQgQGAxBiAAgWAIEFjBWIVQCECAwGIMQAACwRAgsIKxSofQ417vXmex+HZpzL4R2RdrDz4pM6ZnRO7dVGpFLsXakfs/I3JpjRlZkWli7TRrtX4bjEaXOnqGihAIEFghuFSjxn9//fV+trf3KHHBZIwLp/2S5UzF2oulMRed2ezdTx8+TEtun+YiIkBgRWRmWV1xITXf23tiRI4qCKhNMqdWZNiezV4TXptQNe/vBFbzPL+zx6tbveXyiXwMqZ4SLO5WcpglyWtuHZU4UrMMAqtmA+ouv7qa6nSeiTFHf51/qlvbdf3VPJjIgKsuLY7Up4PAqo99rZVdUC06necuqGoVkre4tcNWlv3I7WJecHEcT2DF4ePWvXC3fu3F4rkx5njrkxQeaEVO50nykltFheZUKInAqhCutqb/laZuIn2g9dZvB17Tpcjpf8bj1zucyykBEiCwAjQtr+T1PNUr83FZQnQ/a+1FO8uecpsYnbW3OkRgRe7xD93u4dKYVxFdVd3pmJuYT6x9+vNk8iZySxvdPQIrYvv73e6L0Oeq8tpjrR2cTybf5z2P48MgQGCF4VMules1VW8VrafKpb+Eg0dZkjxmQr4EksqaILCUGVJUzsmDBz1ptV41OKyuEY5ksXh69v796j1GfnEQILDi8HHVCxdWttV6G/t81baWuXkts1g8JrS2Jab/OAJLv0dbKSSs7sZEaG01fII5iMAKxqq/F0pY/bOJhFYEg3zdBQIrcC8Jq+0MdKHVns0eslZrO15ajyKwtDqzhS6eBm4B6fNDeHqYG5muEwgsXX7kUnOSpr/yNDAXMnfw6Gw8fpj7LE5QQYDAUmFDfhEnaToQkWf5z+QMEXl5Nh4H/fJ3U10ksAJ03r1uY435JUDpaiQba7/jNR41dmwthMDaGpWOA9fbF//KWqtifjAJX4xfXWcTWHWR37Fuv9t9G+uuCzsi2fk0t8vD+WTyeOcGONE7AQLLO/LdC550u0dijHvthl9JBLg1LAmkp2YILE+gi5ZZ7RS6XP7BrWBRkrfOn2ZJ8pAXpUvnWkmDBFYlWMtvlKeC5TO9btGK/Hg+Hp9WV4GWyyJAYJVFssJ2Vh+M2Nv7o8ISjW+6NZvdZxW8/mFAYOn3SPrd7tAY474ZyK8iAtba1+eTSVhfEKqIheZmCSzN7ogIV1f+DOIqyx/rXSsRWLuS83Qec1eeQIsIc1n+WO9aicDalZyH83gy6AHyjRJuMek8Se7zxNAv9zzVCKw8tDwf20/TYyPywnPZZpez9unZZDJsNgS9vSew9Hoj7MZQizns5lAL9u2KEljbcfJ+FJPt3pF/Ksjke33sN1UmsDYRqunv/TQ9NSLPayrf6LJMvuu1n8BS6s1JmrqFovtK5cUua3o2Ht+PvZMh9o/AUugat4P1m8JtYf0e3KWAwFLoC7syKDCFp4UKTLgtgcBSaAuv4tRvCq/q1O8BV1g6PbilivkrFUYxj6XChs9FcIWlzJT1p7v+VCarkXKyJPmSVe+6rCewdPkh/W++OTBJ8laZrEbKscvl4/Pff79oZOeVdprAUmYME+6KDGHiXZEZH6UQWMosYcGoHkNYQKrHi2slBJYyT0663Qsx5pEyWY2UY6397/lkctjIzivtNIGlzBgCS5Eh1r47m0wOFClqvBQCS9kQILAUGUJgKTKDOSx1ZjhB/TT9k095qbGGtVhqrCCwlFnxUc5JmlqVwhoq6mw85i5EkfeYocgMAkuZGSJCYOnyhMDS5QdXWMr8ILB0GUJg6fKDwFLmB4GlyxACS5cfLrAuReQLZbIaKceK/O98PGYTRUXuE1iKzFjNYbFwVI8jLGvQ48VaCYGlzBICS5EhBJYiM1jWoM4MrrB0WcKrObr8cGq4wlLmCS8/6zGEl5/1eHGthMBS5gnbyygyhO1lFJnBLaE6M5wgNvDTYwsb+OnxgissfV6sFLFFsh5j2CJZjxcElj4vPinqp+nUiHylWGL00liDpdNi5rAU+sJnvuo3hc981e/BXQoILIW+MPGuwBQm3BWYcFsCgaXQFj5VX78pfKq+fg+4wtLpwZ2qmMeqzyzmr+pjv6kyV1ibCNX0dxaQ1gReRFgwWh/7TZUJrE2Eavo7t4U1gRcRbgfrY7+pMoG1iVCNf+93uyNjzLc1SmhcaWvtb+eTSa9xHQ+kwwSWYqP6aXpsRF4olhifNJ4OqvaUwFJsz3rV+5QN/byZdJUlyf5gNHKbKPJTSIDAUmjKTUlMvvsziMl2f6x3rURg7UrO03lMvnsCzWS7P9AFKhFYBeD5OpVXdaonzas41TMuowKBVQbFitvgKqtiwFxdVQ+4pAoEVkkgq27mJE0HIvKs6jpNbJ+5q3BcJ7AC8YonhtUY5V7DmSdJjyeD1fAtu1UCq2yiFbbHLg7lwzXWfvfzZPKm/JZpsQoCBFYVVCtsk8+AlQiXz3iVCNNPUwSWH86lVVlPwI9YTFoY6VVrNuv99OGDW5jLLxACBFYgRt2U+UO3e2iN+SVA6WokcyuoxopcQgisXLj0HMxTw0JevDwbj48LtcDJtRAgsGrBXk5RdnPIz5HdGPIz03QGgaXJjZxa3FKH9mJxwRY024FzYTVvtQ5YwrAdL41HEVgaXcmh6eTBg560WhdMwm+ExiT7RkT6DyCw9Hu0USGhtRHRlSwWB2fv37unq/wCJkBgBWzeTemE1t8aSVhFMsZdNwisiMwktG6ZSVhFNL4JrMjMdN1xoWWTZNj0iXg3wd7OskMWhsY1yLnCisvPVW+a/vSQp4ERDup1lwiseL2Vhi4uZVFoxGOawIrYXNe19Ws8wwYse7gy1h6x80LcA5rAitvfVe9WL0x3OkMx5lGU3bX2XSvLjpivitLdzzpFYMXv8aceuqutpTEDI/JVDN12m+8l1h5zVRWDm9v1gcDajlM0R60m5JdL94HW5yF3ym1rPE+SAa/ZhOxifu0EVn5mUZzhbhPnnc6pMeZJSB1yX7dpZ9kpt38huVaeVgKrPJZBtrQKrr29IyPitlv5QmknrqzIoD2bDQkqpQ55kkVgeQKtvczqIxeLxaEVOday6NStpzIig6zVesOtn/YR5EcfgeWHc1BVrq+6RMRdeXmdoHcT6SIy5GoqqCHjTSyB5Q11mIXWSyIOrMiBGHNQdoCtAsraCyNy0cqyC275whwnvlQTWL5IR1Jn9ZRxPu8ZY/atMftibc+I3HPdc//+a6C5QDLWrj70YEUuxZiR+7e1djpvt0fc6kUyMDx1g8DyBJoyEIBAcQIEVnGGtAABCHgiQGB5Ak0ZCECgOAECqzhDWoAABDwRILA8gaYMBCBQnACBVZwhLUAAAp4IEFieQFMGAhAoToDAKs6QFiAAAU8ECCxPoCkDAQgUJ0BgFWdICxCAgCcCBJYn0JSBAASKEyCwijOkBQhAwBMBAssTaMpAAALFCRBYxRnSAgQg4IkAgeUJNGUgAIHiBAis4gxpAQIQ8ESAwPIEmjIQgEBxAgRWcYa0AAEIeCJAYHkCTRkIQKA4AQKrOENagAAEPBEgsDyBpgwEIFCcAIFVnCEtQAACnggQWJ5AUwYCEChOgMAqzpAWIAABTwQILE+gKQMBCBQn8H9/R1DE69oCoAAAAABJRU5ErkJggg=='),
(2, 'Project 2', 1, 'data:image/png;base64,iVBORw0KGgoAAAANSUhEUgAAASwAAACWCAYAAABkW7XSAAALuklEQVR4Xu2dX3ITxxrFvx5Zvo/hriBmBZgVYKosVR7JCjCPqdiFWQHOCjBlpfKIvYJw3ygpVSgriLOCiBXEPEay9N0aYUKcmLhnNJo5Lf30iPvPmd9pTk339PQE4wcBCEAgEQIhEZ3IhAAEIGAEFoMAAhBIhgCBlYxVCIUABAgsxgAEIJAMAQIrGasQCgEIEFiMAQhAIBkCBFYyViEUAhAgsBgDEIBAMgQIrGSsQigEIEBgMQYgAIFkCBBYyViFUAhAgMBiDEAAAskQILCSsQqhEIAAgcUYgAAEkiFAYCVjFUIhAAECizEAAQgkQ4DASsYqhEIAAgQWYwACEEiGAIGVjFUIhQAECCzGAAQgkAwBAisZqxAKAQgQWIwBCEAgGQIEVjJWIRQCECCwGAMQgEAyBAisZKzSEPpiZ+fOf9rte7MQtoLZlrvvfFTmZtshhDt/VeruF8HsPP83D+EiMzt3s1HmPvpjMvn12XB4oXFlqEiBAIGVgksNavzhq6+2prPZA8uDKYQ8nLYqljMy96GFMGxl2c/fvHkzqrh9mlshAgTWCplZ1aXkITWbzR672d4SAuo2maNgdppl2RnhdRuq9fs7gbV+nt94xflUb6PdfhzykAphWwKLez59PL2cTM6YOko40rgIAqtxC5oVcDXle+rue39ff2pW2afe83WwLIRj7rpUHGlOB4HVHPtGe54H1XT63ELIp33p/NxPW63Wd0wX07GsSqUEVpU0E2grn/q1Nzefm9lhAnI/KzGYHY3H45dMFVN2sbh2Aqs4s2Rr9Lrdx+5+rDr1KwE2f6J4tN/vn5WoS5UECRBYCZpWVPLV9O/V1baEotX1y7sPW63WE6aJ+lYtqpDAWpSgeP2TbveRub9aobuqG4nnC/MWwpODfv+1uCXIW4AAgbUAPPWqvW73ReprVSUYH+/3+89K1KNKAgQIrARMKipxvrDebr+V2U9V9AIWLe9+PplMHrIgvyhIvfoElp4nCyn6vtPZdrN8vUpj8+dCV7NAZffzYPbk28Fg/h4jv9UgQGCtho/zq8jDamb2dtXXq2Itm284NXtIaMUS0y9HYOl7FKWQsLoZE6EVNXySKURgJWPV54USVv9uIqG1AoP86hIIrMS9JKziDMxDa6PVus9erTheqqUILFVnInSt/dPACEbXivD0sCgxufIElpwl8YJ6nc4va/80MB7Xh5Lu5/uDwf2i1SivQYDA0vChsIqTTid/J/Bp4YpUMHd/eTAYJP3y97raSGAl6Hz+uk0w+zFB6TKS3exrXuORsSNaCIEVjUqjYP4i8+V0+gt7rRbzg0X4xfg1VZvAaop8yX57nU7+ys2fX6op2QzVPqxnDfcHg4fASIcAgZWOV/lO9j0P4VVCkuWlMjWUt+iaQAIrEb+uPhLxG1PByg0bTcbj+7woXTnXpTRIYC0Fa/WN8lSweqYfW3Sz7w76/aPl9UDLVREgsKoiucR2rr5s89sSu1j7pltZdpdd8PrDgMDS98h63e6pmT1OQGrKEs/2+/20viCUMu2S2gmskuDqqsbdVV2kzbjLqo912Z4IrLLkaqrH2lVNoPNdDqxl1Qe7ZE8EVklwdVTjyWAdlD/1kW8mvZxM7vLEsF7uRXojsIrQqrlsb3f30LIs/5AEv5oIBPf8WOV8zZCfIAECS9CUj5I4jaEBczjNoQHo8V0SWPGsai3JYnutuK91xuJ7c+xv65nAuo1QQ38/6XaPgtnzhrpf625ZfNe1n8AS9abX7eYbRbdE5a26rNF+v3931S8yxesjsARdYzrYvClMC5v34CYFBJagL5zK0LwpPC1s3gMCS9ODf6jiVRwJo3hVR8KG6yK4wxI0hfUrCVNYx5KwgcAStOGTpPmnuzY3f5cWuSbiJuPxf9n1rmU2d1haftjJ7u5OyLK3YrLWUo7PZg8PfvppuJYXL3rRBJaYMSy46xjCwruOFx+VEFhinrBhVMcQNpDqeEFg6XkxV3TS6QxDCA9E5a2brP/t9/uP1u2ila+XOywxdwgsHUPc/eeDwYBPqulYYgSWkBncYWmZQWBp+ZGrIbDEPDnpdH7nU14yprAXS8aKD0IILDFDet2ui0laazn7/T7/R4RGAGYImZFLIbC0DCGwtPwgsLT8ILDE/CCwtAwhsLT8ILDE/CCwtAwhsLT8sF6nc2EhfCEmaz3luL/bHww4RFHIfQJLyAy2NWiZwbYGLT94SqjnBzvdhTwhsITMuJLCHZaYJ+x0lzKEV3Ok7GAflpgdZrz8rGMJLz/rePFRCXdYYp5wvIyOIRwvo+MFgaXnxVwRB/jpGMMBfjpeEFh6XswVcUSyjjEckazjBYGl58WfinqdzshC+FJY4upLYw+WpMesYQnawme+JEzhM18SNlwXQWAJmsLCe/OmsODevAc3KSCwBH3hU/XNm8Kn6pv3gMDS9OBGVaxjNWgW61cNwv/3rrnDErWGDaTNGcOG0ebY39YzgXUboYb+zrSwIfBmxnSwOfa39Uxg3Uaowb+fdLvnwexegxLWrms3+/Wg399euwtP5IIJLGGjeru7h5ZlL4Qlrpw0ng5qW0pgCfsz3/XebuebSDnQrw6f3N9PJpOtZ8PhRR3d0UdxAgRWcWa11mDxvT7cLLbXx7psTwRWWXI11WPxvSbQLLbXB3qBngisBeDVVZVXdWohzas4tWBerBMCazF+tdTmLmv5mNnKsHzGVfRAYFVBsYY2Tjqd4xDC0xq6WrsuWLtKx3ICKxGveGK4JKPc300mk22eDC6Jb8XNElgVA11mc5ziUD1dN/v6oN9/XX3LtLgMAgTWMqgusU2+qlMdXD7jVR3LuloisOoiXVE/8wX46fSczaQLAnV/32q1tr9582a0YEtUr5EAgVUj7Kq6Oul2HwWzH6tqbx3bYSqYpusEVpq+5V+I5qlhSe/c/eXBYHBYsjrVGiRAYDUIf9GuOc2hOEFOYyjOTKkGgaXkRkEt+VaHjc3NIUfQxIHLw+pyPN5hC0McL8VSBJaiKwU0fd/pbLvZkEX4W6CxyF5gVOkWJbB0vYlWRmjdHlbBbOfbweA8GioFJQkQWJK2FBdFaH2Gmft7wqr4eFKtQWCpOlNCF6H1N2iEVYlRpF2FwNL2p7C6PLRmIZyu+0J8vsC+kWWP2BhaeAhJVyCwpO0pJ27dnx7yNLDcuEmhFoGVgkslNa7j5lI2hZYcLIlUI7ASMaqszPlrPO6nK7/twf29h7DHyQtlR0oa9QisNHxaSGX+wvTldHoaQniwUEOilfNTFzZarT3Wq0QNqlAWgVUhTPWmru62ji2EL9W1Rulzf+chHHJXFUVrJQoRWCthY/xFXC3IHwaz5/G19ErmxxpfjsfHvGaj580yFRFYy6Qr3PbVhy2OzOyxsMybpJ21suyI6V9irlUkl8CqCGSqzczXt2azveB+KLsw/2FB/Xgjy04JqlRHWjW6CaxqOCbfSj5V3Gy3H81CyKeL9xQuKN9PlbkfjyeT10z9FBxpXgOB1bwHcgr+cte1V/sC/YeF9FPupuSGhYQgAkvCBl0ReXjNptMdD2HH3HcqDzD3dxbCMLgPs1ZryJRPdywoKCOwFFxISMP8KePGxnYWwtYshK1gtu3ud/JLCGZb/wi0/I7JbP6hhxDChZudZ+6jmfvo8vLynKleQuYLSCWwBExAAgQgEEeAwIrjRCkIQECAAIElYAISIACBOAIEVhwnSkEAAgIECCwBE5AAAQjEESCw4jhRCgIQECBAYAmYgAQIQCCOAIEVx4lSEICAAAECS8AEJEAAAnEECKw4TpSCAAQECBBYAiYgAQIQiCNAYMVxohQEICBAgMASMAEJEIBAHAECK44TpSAAAQECBJaACUiAAATiCBBYcZwoBQEICBAgsARMQAIEIBBHgMCK40QpCEBAgACBJWACEiAAgTgCBFYcJ0pBAAICBAgsAROQAAEIxBEgsOI4UQoCEBAgQGAJmIAECEAgjgCBFceJUhCAgAABAkvABCRAAAJxBP4PME9rxHlfuEgAAAAASUVORK5CYII='),
(3, 'Project 3', 1, 'data:image/png;base64,iVBORw0KGgoAAAANSUhEUgAAASwAAACWCAYAAABkW7XSAAALzklEQVR4Xu2df04cRxqGv5oZ0EoBlj1B8AmCT+CxZNBG2UH4BMYnMHsC4xMYnwB8AryMo41gJU9OEHICj0+QYYZIEfPji3oGZx2wQ/dQ1f1V98Ofdld9bz1v6VVXdXWPE/4gAAEIRELARaITmRCAAASEwGISQAAC0RAgsKKxCqEQgACBxRyAAASiIUBgRWMVQiEAAQKLOQABCERDgMCKxiqEQgACBBZzAAIQiIYAgRWNVQiFAAQILOYABCAQDQECKxqrEAoBCBBYzAEIQCAaAgRWNFYhFAIQILCYAxCAQDQECKxorEIoBCBAYDEHIACBaAgQWNFYhVAIQIDAYg5AAALRECCworEKoRCAAIHFHIAABKIhQGBFYxVCIQABAos5AAEIREOAwIrGKoRCAAIEFnMAAhCIhgCBFY1VRoQ2j1aXFurfOFdbc6JrqtL8qMyJrotzq39SqtpTcWfTf3PScyJnKq6rOuleDMc/S+dxz8jIkBEBAQIrApOKlPi3f/53bWEyfiA6aTqXhJNb86tHu6rSEVfrDGv1H3/74duu3/7prUwECKwyuelpLElILU5GT0R0x39A3SZSuyLu8LLWeE143caqev9PYFXP88+PuHm0urLQeCIiO+Jk3QQWlWQpedgfjl6zdDThSOEiCKzCLShWQHI31ZgMn9U0Capr+0/FSvt/ddWeOLfPXZcVQ4rTQWAVx77QytO9qfHwuXNup1AhGYur6uGwvvCC5WJGcCW5nMAqiZGph5E85VusP6+J203dxuaFe/3L0SuWijbNCaWKwApF1mC/y5tvnzid7Jtd+mVmpl2V2t7g5F+vMzelQZQECKwobcsmerb8Gx3MjiWU7y85FjGsN56yTCyft9dHRGCV3OPlzfa2Uz0oz13VFwxLDqg693Rw0npTcksrPTwCq8T2L20evyzBXlUmhyai+xcnW//O1IiLoyFAYEVjVQahszNV78ycp8og3culKmf94eghG/JeaJrqhMAyZcfdxXy18f16XSYHlQ2rjwhVzsZSe/rr6Xez9xj5KwUBAqsUNs4GMQur8bvS71el9Uy1N5b6Q0IrLTD71xFY9j1KpZCw+gImQivV/InlIgIrFqf+QidhdYuJhFYJZvlsCARW5FYSVikNVO1d1hfuc1YrJS+jlxFYRo1JJavqTwNTQfrkIp4eZiVm7noCy5wl6QWtbLR/qvzTwPS4ZlcmoXXaup+1GdfbIEBg2fAhs4qljfZ+zcmzzA1pIBOVVxenrdhf/q6kkwRWhLZPX7cROYpQuhnJKvKY13jM2JFaCIGVGpWNC6efLx4Pf+Ks1R39YBP+jgCLaU5gFcN97qrLG+13Zf3qwtxQ5myYfOVhcNp6OGdzmhVAgMAqAPq8JZc3jneccwfztqfdTQIsDeOaFQRWLH5NjzDU37MU9G2YdvuX4/u8KO2ba5j+CKwwXL33ylNB70g/7fBF/6S1F7QCnXshQGB5wRi2k6vfCXwftkq1e7+sNe5xCt7+HCCw7Hsky5vtQyeS/GYgf4EIqMjrwUkrql8QCoTCdLcElml7RLi7ys8g7rLyYz1vJQJrXnI5tWPvKifQszLsZeWKO3sxAis7s/xa8GQwP9ZJJdVefzi+xxPDfLFnqUZgZaGV87Urj97uSk1f5ly20uVU9engdOuw0hAMD57AMmwOX2MowBy+5lAA9PQlCaz0rHK9ks32XHH/qRib78Wxv60ygXUboYL+f2WznRxkfF5Q+aqXZfPd6AwgsIwas7J5/F7ErRmVV3JZ2u2fbN0r+SCjHB6BZdA2loPFm8KysHgPPqeAwDLoC19lKN4UnhYW7wGBZdODG6p4Fad4o3hVp3gPCCybHtxQxf6VBaPYx7LgwnUNLAmtuZKcbl9s/GJNVhX19C9H/+DUuy3nCSxbfsjSo3azVpN3xmRVUs5kIg8v/tfqVHLwRgdNYBkzhg13O4aw8W7Hi49KCCxjnnBg1JQhHCA1ZYcIgWXMkOWN445z7oExWZWUo6L/GZxsbVdy8EYHTWAZM4bAsmOIqv44ON1q2lGEEgLL2BwgsOwYQmDZ8YI9LHteTBWtbBz/wk95WTGHs1hWnCCwrDlxpWdls61GpVVSVv+kxSrEkPOYYciM6R0WgWXKEQLLlB08JbRlB4FlzQ8Cy5Yj3GHZ8oM7LGN+EFi2DCGwbPkhKxvtnjj5uzFZ1ZSj8qF/2uIjiobcJ7AMmZFI4ViDHUM41mDHC54S2vNiqojAsmMMgWXHCwLLnhcEljFPeDXHmCHCu4TmHOHlZ1OW8PKzKTsILGN2TJeEO865A3PCKiiIz8vYM51Nd2Oe8AE/O4bwAT87XrCHZc+LmSI+kWzGGT6RbMaKP4Rwh2XPk+QsVlecfG1QWnUkcQbLpNcElkFb+Jmv4k3hZ76K9+BzCggsg76w8V68KWy4F+8BgWXTgxuq+Kn64o3ip+qL94DAsunBZ1Wxj1WgWexfFQj/r0uzJDRqDQdICzWGA6OF4v9ycQLLqDEsC4szhuVgcexvq0xg3UaowP9f3myfOZFvCpRQudIq8vPgpLVeuYFHMmACy7BRK4/e7kpNXxqWWDppPB20bSmBZdmf5NT7QiM5RMoH/fLwSeW8PxytSedxL49y1MhOgMDKzizXFmy+54qbzfZccWcvRmBlZ5ZrCzbf88PNZnt+rOetRGDNSy7HdryqEx42r+KEZ+yjAoHlg2LgPrjLCgxYRLi7Cs/YRwUCywfFHPpY2mjv15w8y6FUFUuwdxWJ6wRWJEZNv5PFE0P/biWv4QxH6zwZ9I82RI8EVgiqgfrkKw7+warI48FJ643/nukxBAECKwTVgH3yM2D+4PIzXv5Y5tUTgZUXaU91phvw49EZh0nvCFTl/LLeWP/th2+7d+yJ5jkSILByhO2r1PJme9uJHPnqr4r9sBSM03UCK07fhKeG8xs3UXl1cdranb8HWhZFgMAqiryHunzNITtEvsaQnZmlFgSWJTeyamkerS4vNjp8giYduGlYXY6aHGFIx8viVQSWRVcyaPpq4/v1ukw6bMLfAo1N9gyzyu6lBJZdb1IrI7RuD6ux1Jq/nn53lhoqF5okQGCZtCW7KELrC8xUzgmr7PPJagsCy6ozc+gitK5BI6zmmEW2mxBYtv3JrC4JrZqbHFZ9Iz7ZYB/WGtscDM08hUw3ILBM2zOnuIo/PeRp4JzzJoJmBFYEJs0rsYqHSzkUOu9siaMdgRWHT3OrnL7Go3JY+mMPKufqZIcvL8w9VaJoSGBFYdPdRCYvTC+Mh4fOuQd368lm6+SrC8P6wg77VTb98amKwPJJ03hfV3db++Lka+NS08lT+aBOdrmrSoerDFcRWGVwMcsYki+XLjaSF3+fZ2lm8NoX/cvRPq/ZGHQmoCQCKyBcy11Pl4mT0Z4TeWJZ53Vtya/bDGuNPZZ/MbnmTyuB5Y9llD1d/SLPjqjsmt2YVzkXJ/uXtcYhQRXlNPMmmsDyhjLyjpKzWwv1bXFu18qh0+Q8lajuD4bjNyz9Ip9fnuQTWJ5AlqmbT+66dnLfoFf5IE4OuZsq04zyNxYCyx/LUvZ0dSSiKc41nUrTe4DNnvR1RLUzrC90WPKVchp5GxSB5Q1lRTpqHq0uNRrrzumac25NRddFZTUZvRO3diPQkkASnf3Qg5OeE3emql1V170Yjc5Y6lVk3ngaJoHlCSTdQAAC4QkQWOEZUwECEPBEgMDyBJJuIACB8AQIrPCMqQABCHgiQGB5Akk3EIBAeAIEVnjGVIAABDwRILA8gaQbCEAgPAECKzxjKkAAAp4IEFieQNINBCAQngCBFZ4xFSAAAU8ECCxPIOkGAhAIT4DACs+YChCAgCcCBJYnkHQDAQiEJ0BghWdMBQhAwBMBAssTSLqBAATCEyCwwjOmAgQg4IkAgeUJJN1AAALhCRBY4RlTAQIQ8ESAwPIEkm4gAIHwBAis8IypAAEIeCJAYHkCSTcQgEB4AgRWeMZUgAAEPBEgsDyBpBsIQCA8AQIrPGMqQAACnggQWJ5A0g0EIBCewO/tn0PE50/1gQAAAABJRU5ErkJggg==');

-- --------------------------------------------------------

--
-- Структура таблицы `task`
--

CREATE TABLE `task` (
  `id` int(11) NOT NULL,
  `name_task` varchar(55) NOT NULL,
  `project_id` int(11) NOT NULL,
  `user_id` int(11) NOT NULL,
  `priority_id` tinyint(1) NOT NULL,
  `status` varchar(55) NOT NULL DEFAULT 'Not done',
  `date` varchar(55) NOT NULL
) ENGINE=InnoDB DEFAULT CHARSET=utf8 ROW_FORMAT=COMPACT;

--
-- Дамп данных таблицы `task`
--

INSERT INTO `task` (`id`, `name_task`, `project_id`, `user_id`, `priority_id`, `status`, `date`) VALUES
(1, 'Task 1', 1, 1, 1, 'Not done', '26.01.2018'),
(2, 'Task 2', 1, 1, 2, 'Not done', '30.01.2018'),
(3, 'Task edit', 1, 1, 2, 'Done', '26.01.2018'),
(4, 'task 3', 1, 1, 3, 'Not done', '29.01.2018'),
(5, 'Task test', 1, 1, 2, 'Done', '31.01.2018'),
(6, 'Task Project 2', 2, 1, 3, 'Not done', '26.01.2018'),
(7, 'Task Project 3', 3, 1, 1, 'Not done', '29.01.2018'),
(8, 'Check edit', 3, 1, 2, 'Done ', '26.01.2018'),
(9, 'Task archive', 3, 1, 3, 'Done ', '26.01.2018');

-- --------------------------------------------------------

--
-- Структура таблицы `user`
--

CREATE TABLE `user` (
  `id` int(11) NOT NULL,
  `login` varchar(255) NOT NULL,
  `password` varchar(255) NOT NULL
) ENGINE=InnoDB DEFAULT CHARSET=utf8 ROW_FORMAT=COMPACT;

--
-- Дамп данных таблицы `user`
--

INSERT INTO `user` (`id`, `login`, `password`) VALUES
(1, 'admin', '1111');

--
-- Индексы сохранённых таблиц
--

--
-- Индексы таблицы `priority`
--
ALTER TABLE `priority`
  ADD PRIMARY KEY (`id`);

--
-- Индексы таблицы `project`
--
ALTER TABLE `project`
  ADD PRIMARY KEY (`id`),
  ADD KEY `user_id_2` (`user_id`),
  ADD KEY `user_id` (`user_id`);

--
-- Индексы таблицы `task`
--
ALTER TABLE `task`
  ADD PRIMARY KEY (`id`),
  ADD KEY `user_id` (`user_id`),
  ADD KEY `project_id` (`project_id`),
  ADD KEY `priority_id` (`priority_id`);

--
-- Индексы таблицы `user`
--
ALTER TABLE `user`
  ADD PRIMARY KEY (`id`),
  ADD UNIQUE KEY `login` (`login`),
  ADD KEY `id` (`id`);

--
-- AUTO_INCREMENT для сохранённых таблиц
--

--
-- AUTO_INCREMENT для таблицы `priority`
--
ALTER TABLE `priority`
  MODIFY `id` tinyint(5) NOT NULL AUTO_INCREMENT, AUTO_INCREMENT=4;
--
-- AUTO_INCREMENT для таблицы `project`
--
ALTER TABLE `project`
  MODIFY `id` int(11) NOT NULL AUTO_INCREMENT, AUTO_INCREMENT=4;
--
-- AUTO_INCREMENT для таблицы `task`
--
ALTER TABLE `task`
  MODIFY `id` int(11) NOT NULL AUTO_INCREMENT, AUTO_INCREMENT=10;
--
-- AUTO_INCREMENT для таблицы `user`
--
ALTER TABLE `user`
  MODIFY `id` int(11) NOT NULL AUTO_INCREMENT, AUTO_INCREMENT=2;
/*!40101 SET CHARACTER_SET_CLIENT=@OLD_CHARACTER_SET_CLIENT */;
/*!40101 SET CHARACTER_SET_RESULTS=@OLD_CHARACTER_SET_RESULTS */;
/*!40101 SET COLLATION_CONNECTION=@OLD_COLLATION_CONNECTION */;
