-- phpMyAdmin SQL Dump
-- version 4.7.3
-- https://www.phpmyadmin.net/
--
-- Хост: 127.0.0.1:3306
-- Время создания: Янв 24 2018 г., 19:01
-- Версия сервера: 5.6.37
-- Версия PHP: 7.0.21

SET SQL_MODE = "NO_AUTO_VALUE_ON_ZERO";
SET AUTOCOMMIT = 0;
START TRANSACTION;
SET time_zone = "+00:00";


/*!40101 SET @OLD_CHARACTER_SET_CLIENT=@@CHARACTER_SET_CLIENT */;
/*!40101 SET @OLD_CHARACTER_SET_RESULTS=@@CHARACTER_SET_RESULTS */;
/*!40101 SET @OLD_COLLATION_CONNECTION=@@COLLATION_CONNECTION */;
/*!40101 SET NAMES utf8mb4 */;

--
-- База данных: `todo`
--

-- --------------------------------------------------------

--
-- Структура таблицы `archive`
--

CREATE TABLE `archive` (
  `id` int(11) NOT NULL,
  `name` varchar(55) NOT NULL,
  `project_id` int(11) NOT NULL,
  `user_id` int(11) NOT NULL,
  `finished` timestamp NOT NULL DEFAULT CURRENT_TIMESTAMP ON UPDATE CURRENT_TIMESTAMP
) ENGINE=InnoDB DEFAULT CHARSET=utf8;

-- --------------------------------------------------------

--
-- Структура таблицы `priority`
--

CREATE TABLE `priority` (
  `id` tinyint(5) NOT NULL,
  `name` varchar(55) NOT NULL,
  `type` text NOT NULL
) ENGINE=InnoDB DEFAULT CHARSET=utf8;

--
-- Дамп данных таблицы `priority`
--

INSERT INTO `priority` (`id`, `name`, `type`) VALUES
(1, 'Низкий', 'data:image/png;base64,iVBORw0KGgoAAAANSUhEUgAAASwAAACWCAYAAABkW7XSAAAGjklEQVR4Xu3UwW0YMRTEULuN3Nx/Ub6ljbgHExHmA2/vAwmklp8fPgQQQOAIgc8j93RNBBBA4EOwPAIEEDhDQLDOqHJRBBAQLG8AAQTOEBCsM6pcFAEEBMsbQACBMwQE64wqF0UAAcHyBhBA4AwBwTqjykURQECwvAEEEDhDQLDOqHJRBBAQLG8AAQTOEBCsM6pcFAEEBMsbQACBMwQE64wqF0UAAcHyBhBA4AwBwTqjykURQECwvAEEEDhDQLDOqHJRBBAQLG8AAQTOEBCsM6pcFAEEBMsbQACBMwQE64wqF0UAAcHyBhBA4AwBwTqj6ncX/fv9/e93S6v/QeDP15d/LoAFL8C7MBWsLUuC1XwIVuM3vxasLUWC1XwIVuM3vxasLUWC1XwIVuM3vxasLUWC1XwIVuM3vxasLUWC1XwIVuM3vxasLUWC1XwIVuM3vxasLUWC1XwIVuM3vxasLUWC1XwIVuM3vxasLUWC1XwIVuM3vxasLUWC1XwIVuM3vxasLUWC1XwIVuM3vxasLUWC1XwIVuM3vxasLUWC1XwIVuM3vxasLUWC1XwIVuM3vxasLUWC1XwIVuM3vxasLUWC1XwIVuM3vxasLUWC1XwIVuM3vxasLUWC1XwIVuM3vxasLUWC1XwIVuM3vxasLUWC1XwIVuM3vxasLUWC1XwIVuM3vxasLUWC1XwIVuM3vxasLUWC1XwIVuM3vxasLUWC1XwIVuM3vxasLUWC1XwIVuM3vxasLUWC1XwIVuM3vxasLUWC1XwIVuM3vxasLUWC1XwIVuM3vxasLUWC1XwIVuM3vxasLUWC1XwIVuM3vxasLUWC1XwIVuM3vxasLUWC1XwIVuM3vxasLUWC1XwIVuM3vxasLUWC1XwIVuM3vxasLUWC1XwIVuM3vxasLUWC1XwIVuM3vxasLUWC1XwIVuM3vxasLUWC1XwIVuM3vxasLUWC1XwIVuM3vxasLUWC1XwIVuM3vxasLUWC1XwIVuM3vxasLUWC1XwIVuM3vxasLUWC1XwIVuM3vxasLUWC1XwIVuM3vxasLUWC1XwIVuM3vxasLUWC1XwIVuM3vxasLUWC1XwIVuM3vxasLUWC1XwIVuM3vxasLUWC1XwIVuM3vxasLUWC1XwIVuM3vxasLUWC1XwIVuM3vxasLUWC1XwIVuM3vxasLUWC1XwIVuM3vxasLUWC1XwIVuM3vxasLUWC1XwIVuM3vxasLUWC1XwIVuM3vxasLUWC1XwIVuM3vxasLUWC1XwIVuM3vxasLUWC1XwIVuM3vxasLUWC1XwIVuM3vxasLUWC1XwIVuM3vxasLUWC1XwIVuM3vxasLUWC1XwIVuM3vxasLUWC1XwIVuM3vxasLUWC1XwIVuM3vxasLUWC1XwIVuM3vxasLUWC1XwIVuM3vxasLUWC1XwIVuM3vxasLUWC1XwIVuM3vxasLUWC1XwIVuM3vxasLUWC1XwIVuM3vxasLUWC1XwIVuM3vxasLUWC1XwIVuM3vxasLUWC1XwIVuM3vxasLUWC1XwIVuM3vxasLUWC1XwIVuM3vxasLUWC1XwIVuM3vxasLUWC1XwIVuM3vxasLUWC1XwIVuM3vxasLUWC1XwIVuM3vxasLUWC1XwIVuM3vxasLUWC1XwIVuM3vxasLUWC1XwIVuM3vxasLUWC1XwIVuM3vxasLUWC1XwIVuM3vxasLUWC1XwIVuM3vxasLUWC1XwIVuM3vxasLUWC1XwIVuM3vxasLUWC1XwIVuM3vxasLUWC1XwIVuM3vxasLUWC1XwIVuM3vxasLUWC1XwIVuM3vxasLUWC1XwIVuM3vxasLUWC1XwIVuM3vxasLUWC1XwIVuM3vxasLUWC1XwIVuM3vxasLUWC1XwIVuM3vxasLUWC1XwIVuM3vxasLUWC1XwIVuNnjQACDwkI1kPYjkIAgUZAsBo/awQQeEhAsB7CdhQCCDQCgtX4WSOAwEMCgvUQtqMQQKAREKzGzxoBBB4SEKyHsB2FAAKNgGA1ftYIIPCQgGA9hO0oBBBoBASr8bNGAIGHBATrIWxHIYBAIyBYjZ81Agg8JCBYD2E7CgEEGgHBavysEUDgIQHBegjbUQgg0AgIVuNnjQACDwkI1kPYjkIAgUZAsBo/awQQeEhAsB7CdhQCCDQCgtX4WSOAwEMCgvUQtqMQQKAREKzGzxoBBB4SEKyHsB2FAAKNgGA1ftYIIPCQwA9i65CmRnlBdQAAAABJRU5ErkJggg=='),
(2, 'Средний', 'data:image/png;base64,iVBORw0KGgoAAAANSUhEUgAAASwAAACWCAYAAABkW7XSAAAGkElEQVR4Xu3UsW0YMRQEUakkR85cvDNHKsnuQQMT+4F3+YLEDG8+P3wIIIDAEQKfR+7pmggggMCHYHkECCBwhoBgnVHlogggIFjeAAIInCEgWGdUuSgCCAiWN4AAAmcICNYZVS6KAAKC5Q0ggMAZAoJ1RpWLIoCAYHkDCCBwhoBgnVHlogggIFjeAAIInCEgWGdUuSgCCAiWN4AAAmcICNYZVS6KAAKC5Q0ggMAZAoJ1RpWLIoCAYHkDCCBwhoBgnVHlogggIFjeAAIInCEgWGdUuSgCCAiWN4AAAmcICNYZVS6KAAKC5Q0ggMAZAoJ1RtX3Lvr159ff7y2t/geBHz9/++cCWPACvAtTwdqyJFjNh2A1fvNrwdpSJFjNh2A1fvNrwdpSJFjNh2A1fvNrwdpSJFjNh2A1fvNrwdpSJFjNh2A1fvNrwdpSJFjNh2A1fvNrwdpSJFjNh2A1fvNrwdpSJFjNh2A1fvNrwdpSJFjNh2A1fvNrwdpSJFjNh2A1fvNrwdpSJFjNh2A1fvNrwdpSJFjNh2A1fvNrwdpSJFjNh2A1fvNrwdpSJFjNh2A1fvNrwdpSJFjNh2A1fvNrwdpSJFjNh2A1fvNrwdpSJFjNh2A1fvNrwdpSJFjNh2A1fvNrwdpSJFjNh2A1fvNrwdpSJFjNh2A1fvNrwdpSJFjNh2A1fvNrwdpSJFjNh2A1fvNrwdpSJFjNh2A1fvNrwdpSJFjNh2A1fvNrwdpSJFjNh2A1fvNrwdpSJFjNh2A1fvNrwdpSJFjNh2A1fvNrwdpSJFjNh2A1fvNrwdpSJFjNh2A1fvNrwdpSJFjNh2A1fvNrwdpSJFjNh2A1fvNrwdpSJFjNh2A1fvNrwdpSJFjNh2A1fvNrwdpSJFjNh2A1fvNrwdpSJFjNh2A1fvNrwdpSJFjNh2A1fvNrwdpSJFjNh2A1fvNrwdpSJFjNh2A1fvNrwdpSJFjNh2A1fvNrwdpSJFjNh2A1fvNrwdpSJFjNh2A1fvNrwdpSJFjNh2A1fvNrwdpSJFjNh2A1fvNrwdpSJFjNh2A1fvNrwdpSJFjNh2A1fvNrwdpSJFjNh2A1fvNrwdpSJFjNh2A1fvNrwdpSJFjNh2A1fvNrwdpSJFjNh2A1fvNrwdpSJFjNh2A1fvNrwdpSJFjNh2A1fvNrwdpSJFjNh2A1fvNrwdpSJFjNh2A1fvNrwdpSJFjNh2A1fvNrwdpSJFjNh2A1fvNrwdpSJFjNh2A1fvNrwdpSJFjNh2A1fvNrwdpSJFjNh2A1fvNrwdpSJFjNh2A1fvNrwdpSJFjNh2A1fvNrwdpSJFjNh2A1fvNrwdpSJFjNh2A1fvNrwdpSJFjNh2A1fvNrwdpSJFjNh2A1fvNrwdpSJFjNh2A1fvNrwdpSJFjNh2A1fvNrwdpSJFjNh2A1fvNrwdpSJFjNh2A1fvNrwdpSJFjNh2A1fvNrwdpSJFjNh2A1fvNrwdpSJFjNh2A1fvNrwdpSJFjNh2A1fvNrwdpSJFjNh2A1fvNrwdpSJFjNh2A1fvNrwdpSJFjNh2A1fvNrwdpSJFjNh2A1fvNrwdpSJFjNh2A1fvNrwdpSJFjNh2A1fvNrwdpSJFjNh2A1fvNrwdpSJFjNh2A1fvNrwdpSJFjNh2A1fvNrwdpSJFjNh2A1fvNrwdpSJFjNh2A1fvNrwdpSJFjNh2A1fvNrwdpSJFjNh2A1fvNrwdpSJFjNh2A1fvNrwdpSJFjNh2A1fvNrwdpSJFjNh2A1fvNrwdpSJFjNh2A1fvNrwdpSJFjNh2A1fvNrwdpSJFjNh2A1fvNrwdpSJFjNh2A1fvNrwdpSJFjNh2A1fvNrwdpSJFjNh2A1fvNrwdpSJFjNh2A1fvNrwdpSJFjNh2A1fvNrwdpSJFjNh2A1fvNrwdpSJFjNh2A1fvNrwdpSJFjNh2A1ftYIIPCQgGA9hO0oBBBoBASr8bNGAIGHBATrIWxHIYBAIyBYjZ81Agg8JCBYD2E7CgEEGgHBavysEUDgIQHBegjbUQgg0AgIVuNnjQACDwkI1kPYjkIAgUZAsBo/awQQeEhAsB7CdhQCCDQCgtX4WSOAwEMCgvUQtqMQQKAREKzGzxoBBB4SEKyHsB2FAAKNgGA1ftYIIPCQgGA9hO0oBBBoBASr8bNGAIGHBATrIWxHIYBAIyBYjZ81Agg8JCBYD2E7CgEEGgHBavysEUDgIQHBegjbUQgg0AgIVuNnjQACDwn8A6AJkKaZH6bLAAAAAElFTkSuQmCC'),
(3, 'Высокий', 'data:image/png;base64,iVBORw0KGgoAAAANSUhEUgAAASwAAACWCAYAAABkW7XSAAAGi0lEQVR4Xu3dMW4kMRTE0HHo+x92w/UdTFioD7zOCxJIgWl/fXwIIIDAEQJfR+7pmggggMBHsDwCBBA4Q0CwzqhyUQQQECxvAAEEzhAQrDOqXBQBBATLG0AAgTMEBOuMKhdFAAHB8gYQQOAMAcE6o8pFEUBAsLwBBBA4Q0CwzqhyUQQQECxvAAEEzhAQrDOqXBQBBATLG0AAgTMEBOuMKhdFAAHB8gYQQOAMAcE6o8pFEUBAsLwBBBA4Q0CwzqhyUQQQECxvAAEEzhAQrDOqXBQBBATLG0AAgTMEBOuMKhdFAAHB8gYQQOAMAcE6o+p3F/33+fz/3dLqLwh8f/xar3AVrELvwFawtiQJVvMhWI3f/FqwthQJVvMhWI3f/FqwthQJVvMhWI3f/FqwthQJVvMhWI3f/FqwthQJVvMhWI3f/FqwthQJVvMhWI3f/FqwthQJVvMhWI3f/FqwthQJVvMhWI3f/FqwthQJVvMhWI3f/FqwthQJVvMhWI3f/FqwthQJVvMhWI3f/FqwthQJVvMhWI3f/FqwthQJVvMhWI3f/FqwthQJVvMhWI3f/FqwthQJVvMhWI3f/FqwthQJVvMhWI3f/FqwthQJVvMhWI3f/FqwthQJVvMhWI3f/FqwthQJVvMhWI3f/FqwthQJVvMhWI3f/FqwthQJVvMhWI3f/FqwthQJVvMhWI3f/FqwthQJVvMhWI3f/FqwthQJVvMhWI3f/FqwthQJVvMhWI3f/FqwthQJVvMhWI3f/FqwthQJVvMhWI3f/FqwthQJVvMhWI3f/FqwthQJVvMhWI3f/FqwthQJVvMhWI3f/FqwthQJVvMhWI3f/FqwthQJVvMhWI3f/FqwthQJVvMhWI3f/FqwthQJVvMhWI3f/FqwthQJVvMhWI3f/FqwthQJVvMhWI3f/FqwthQJVvMhWI3f/FqwthQJVvMhWI3f/FqwthQJVvMhWI3f/FqwthQJVvMhWI3f/FqwthQJVvMhWI3f/FqwthQJVvMhWI3f/FqwthQJVvMhWI3f/FqwthQJVvMhWI3f/FqwthQJVvMhWI3f/FqwthQJVvMhWI3f/FqwthQJVvMhWI3f/FqwthQJVvMhWI3f/FqwthQJVvMhWI3f/FqwthQJVvMhWI3f/FqwthQJVvMhWI3f/FqwthQJVvMhWI3f/FqwthQJVvMhWI3f/FqwthQJVvMhWI3f/FqwthQJVvMhWI3f/FqwthQJVvMhWI3f/FqwthQJVvMhWI3f/FqwthQJVvMhWI3f/FqwthQJVvMhWI3f/FqwthQJVvMhWI3f/FqwthQJVvMhWI3f/FqwthQJVvMhWI3f/FqwthQJVvMhWI3f/FqwthQJVvMhWI3f/FqwthQJVvMhWI3f/FqwthQJVvMhWI3f/FqwthQJVvMhWI3f/FqwthQJVvMhWI3f/FqwthQJVvMhWI3f/FqwthQJVvMhWI3f/FqwthQJVvMhWI3f/FqwthQJVvMhWI3f/FqwthQJVvMhWI3f/FqwthQJVvMhWI3f/FqwthQJVvMhWI3f/FqwthQJVvMhWI3f/FqwthQJVvMhWI3f/FqwthQJVvMhWI3f/FqwthQJVvMhWI3f/FqwthQJVvMhWI3f/FqwthQJVvMhWI3f/FqwthQJVvMhWI3f/FqwthQJVvMhWI3f/FqwthQJVvMhWI3f/FqwthQJVvMhWI3f/FqwthQJVvMhWI3f/FqwthQJVvMhWI3f/FqwthQJVvMhWI3f/FqwthQJVvMhWI3f/FqwthQJVvMhWI3f/FqwthQJVvMhWI3f/FqwthQJVvMhWI3f/FqwthQJVvMhWI3f/FqwthQJVvMhWI3f/FqwthQJVvMhWI3f/FqwthQJVvMhWI3f/FqwthQJVvMhWI3f/FqwthQJVvMhWI3f/FqwthQJVvMhWI2fNQIIPCQgWA9hOwoBBBoBwWr8rBFA4CEBwXoI21EIINAICFbjZ40AAg8JCNZD2I5CAIFGQLAaP2sEEHhIQLAewnYUAgg0AoLV+FkjgMBDAoL1ELajEECgERCsxs8aAQQeEhCsh7AdhQACjYBgNX7WCCDwkIBgPYTtKAQQaAQEq/GzRgCBhwQE6yFsRyGAQCMgWI2fNQIIPCQgWA9hOwoBBBoBwWr8rBFA4CEBwXoI21EIINAICFbjZ40AAg8JCNZD2I5CAIFGQLAaP2sEEHhIQLAewnYUAgg0AoLV+FkjgMBDAj+k+MiXc9HEVwAAAABJRU5ErkJggg==');

-- --------------------------------------------------------

--
-- Структура таблицы `project`
--

CREATE TABLE `project` (
  `id` int(11) NOT NULL,
  `name_project` varchar(55) NOT NULL,
  `user_id` int(11) NOT NULL,
  `count_task` int(11) NOT NULL,
  `type` text NOT NULL
) ENGINE=InnoDB DEFAULT CHARSET=utf8;

--
-- Дамп данных таблицы `project`
--

INSERT INTO `project` (`id`, `name_project`, `user_id`, `count_task`, `type`) VALUES
(1, 'project1', 34, 2, 'data:image/png;base64,iVBORw0KGgoAAAANSUhEUgAAASwAAACWCAYAAABkW7XSAAANQUlEQVR4Xu2dWawlRQGGv2IZ9kUIKOiAUWPcIjEoCmoQ8EEexEQgIYoPKBLc0AiK7KiAIIsBlcUYJQaX4IYkoPFBRMUo8ACiMUaQRDEMoOyLbJap6R64DA73nD6nq6tOf53cQLhdVX99f92fXqqrAh4SkIAEKiEQKtGpTAlIQAIYWA4CCUigGgIGVjVWKVQCEjCwHAMSkEA1BAysaqxSqAQkYGA5BiQggWoIGFjVWKVQCUjAwHIMSEAC1RAwsKqxSqESkICB5RiQgASqIWBgVWOVQiUgAQPLMSABCVRDwMCqxiqFSkACBpZjQAISqIaAgVWNVQqVgAQMLMeABCRQDQEDqxqrFCoBCRhYjgEJSKAaAgZWNVYpVAISMLAcAxKQQDUEDKxqrFKoBCRgYDkGJCCBaggYWNVYpVAJSMDAcgzMTCDC1sALgB3an/Tv6VgF3N7+rApw78yNWcGoCRhYo7Z/8s5H2AjYD3hD+/NCYDtgC+C/wJNABNajOTcdj7a/S+Ns/fZ3DwB3Af8ArgeuAy4P8NjkajxzrAQMrLE6P0G/I6wEDgAOBl4LpLDZqg2eCWpY9pQUdPe1oXcjcAnwgwC3LVvSE0ZJwMAape3r7nSE3YDDgX1pbvU2bK+OcpBKV2mPA/cAVwIXhuYqzEMCqwkYWA6E1QQinAV8sL162qyAsZFuLx9qbzVTcH1GqyRgYI18DEQ4lSYMUkCk50wlHunKKx1nBDiuRIFqykPAwMrDubhWIpwEHAOsKOBqalI+KVTTg/zTA3x20kKetzgEDKzF8XKinkQ4BDi3fdA9UZkCT0rBlR7WfzzAtwrUp6SeCBhYPYEtrdoIewHfBHZsH6SXJrGLnvSAPr1RPCTA1V0qsExdBAysuvzqpDY2V1QHAdt3qqD8QncC3w7wyfKlqnAWAgbWLPQqKBvhd+0cqk0qkDuLxEeAGwLsMUslli2bgIFVtj+d1cVmFvrNwJadK6mzYPr8Z+cA99cpX9XPRcDAWsDxEWFv4OcFT1Pom3qaQb+3z7X6xpy/fgMrP/NeW4xwFM0r/017baj8yh9O88sCfLl8qSqclICBNSmpCs6LcDGwP7B5BXJzSExTH34U4P05GrON/gkYWP0zztJChLOBwwyrZ+F+EDg/wNFZjLCRXgkYWL3izVN5bOZXvXuED9gnBZwewH8/wKGTFvC8MgkYWGX6MrGq2Mw9Sp/ZjO1t4MSM2hNTaB0T4PxpC3p+OQQMrHK8mFpJhLcBV/iAfWJ0afWHdwT4zcQlPLEoAgZWUXZMLiZCmgiarho2mLyUZ7YroG4cmnW3PCojYGBVZtgauRH+BWxbqfyhZd8Z4PlDi7D96QkYWNMzG7xEhKuAt3h11dmKJ4BfBdincw0WHISAgTUI9u6NRjgnrU7QLl/cvSJLpk94LghwrCjqIWBg1eNVWhJ0T+AbwEsqkl2y1FuB9wW4pmSRanuagIFV0WiI8CfgVRVJrkHqTaHZEcijAgIGVgUmJYmx2W4rXV2lfQA95kcgzYRPV1mXza9Ka+qLgIHVF9k51+tbwTkDfWZ1d4Rm52qPwgkYWIUb1F5dpV1tThnxcjF9u5TmZB0V4Ly+G7L+2QgYWLPxy1I6QlpNc+MsjY23kYcDpP0YPQomYGAVbE57dbVm38D1Cpdau7y06N+pAU6svSOLrN/AKtzdCGmSY6kbnBZOb2p5TwTYcOpSFshGwMDKhnr6hiKcBhzZbnY6fQWWmJbAY8CZAY6ftqDn5yFgYOXh3KmV2GwW6rIxneh1LnRPgG06l7ZgrwQMrF7xdq88wq7pezeXjunOsGPJ9IJj9wA3dixvsR4JGFg9wp2l6ggXtUsez1KNZbsRSEsqf6RbUUv1ScDA6pPuDHVHSLsZp70FPfITWBVgh/zN2uJyBAys5QgN8PsIK4G/uXzMAPCbJtOb2Z0C3D6YAhv+vwQMrAIHRmzmAqW9BT2GI3BcaN7SehREwMAqyIw1UiL8EXh1gdLGJOkPAXYZU4dr6KuBVZhLETYC0mYJThYd1ps0831FgCeHlWHrSwkYWIWNhwgH0uwz6Hdtw3qTtro/OMCPh5Vh6wZWwWMgwrnAEQVLHJO0L4Vm30ePQgh4hVWIEUueX/263WCiMGWjlHN1aPZ+9CiEgIFViBFLAusW12wvxpS/Bnh5MWoUgoFV2CDw+8GiDLk3wPOKUjRyMQZWYQPA5WSKMuTJ4M7aRRliYBVkR4Stgbuc4V6MKWnG+7YB7i9G0ciFGFgFDYAIrwBuoJmL5TE8gUeBXQL8ZXgpKkgEDKyCxkGEvYCfuWBfMab8B9g3wC+LUTRyIQZWQQMgwnvaSaMrCpI1ZilpbawPBPjumCGU1HcDqyA3YjNJ8QyfYRVjSnqGdXSAc4pRNHIhBlZBA8DAKsiMRoqBVZglBlZBhrS3hF8HNilI1pileEtYmPsGVkGGtA/dr3TT1GJM8aF7MVY0QgysggxxWkNBZjRSnNZQmCUGVkGGOHG0IDOefoblxNGCbDGwCjIjSfHTnKIM8dOcouzwlrAwO1YH1r3AVsUJG6cgP34uzHevsAozJMLNwEsLkzVWOS4vU5jzBlZhhsRmt+e3FiZrrHJ+EWCfsXa+xH4bWIW54hLJRRlyZoBPF6Vo5GIMrMIGQIQDgIvdhGJwY9ImFO8NcNngShTwFAEDq7DBECF9+Jz+WNzma1hv0jZfGwZI//QohICBVYgRS2VEuAl4TYHSxiTJjVQLdNvAKtCUCCcAnytQ2pgkHRvgC2PqcA19NbAKdCnCi4C0e47rYg3jz+PATgFWDdO8ra6LgIFV6NiI8E9gx0LlLbqs2wKsXPRO1tg/A6tQ1yKcB3zUD9SzGxSBtOPzkdlbtsFlCRhYyyIa5oQIrwPSLtCbDaNgtK2mN7RvCs2LD4/CCBhYhRmyVI7fFQ5izt0Bth2kZRtdloCBtSyi4U6IcCbNrYk+5bEh3Q5+PsBJeZqzlWkJ+IcwLbHM57vcTFbgjwffzGYFPm1jBta0xDKfH+EU4BhgvcxNj625NKM9XV2dPLaO19RfA6sCt2LzqY4bU/Tr1cPBFxz9Ep5D7QbWHCD2XUWEE2n+z69f/cBOz66OD3BaP9Vb67wI+AcwL5I91xPhPmDLnpsZa/X3BNhmrJ2vqd8GViVuRTgE+Jq7Qs/dsLRZalpG5tK512yFcydgYM0daX8VRrgVeHF/LYyy5lsCvGyUPa+w0wZWRaZF2BP4IU5snJdrdwP7BbhmXhVaT78EDKx++c699ghfBQ51JYeZ0aYVGc4P8ImZa7KCbAQMrGyo59dQhOuBXedX4yhrujbAG0fZ84o7bWBVal6E+4EtKpU/tGz3GxzagY7tG1gdwQ1dLMJ2wB3OzZraiTTnaosAD01d0gKDEzCwBregu4AI+wPf8XnWxAzTc6t3BfjpxCU8sSgCBlZRdkwvJjbfGR4PbDp96VGVeAQ4KTQrYHhUSsDAqtS4pbJjs4/hgYbWOs18ALg0NG9XPSomYGBVbN5aoXUW8CFD61mGpg/Hzw7N95gelRMwsCo3cK3Qugg4yG8On6KSrqwuCfDhBbJ51F0xsBbM/thsXHG6a8GvXpLnqAAXLJjFo+6OgbWA9kfYo93AYqyL/qWpC7sH+P0C2jvqLhlYC2p/bN4a/h3YGlh/Qbu5drfSqqH/BlYGeHQkfR5VNw2sBbc7wlU0W4ZtteBdTTP/rwvw9gXv56i7Z2CNwP4IpwIH0Cyjsmi3iemq6hbge74JXPzBbGAtvserexjhzcBX2vW00m3iIhxpFdYUVh8L8NtF6JB9eG4CBtbIRkiE/YAL2zW1VlTa/fSJzV3AYQGuqLQPyu5AwMDqAG0RisRmkukXgY0rWnY5LWecPrH5VIA058xjZAQMrJEZvnZ3IxyXvrFr7hop9YorXVGl42R3thn3gDWwxu3/U71vN2w9op1wWsqD+fRA/UHgvAAnaJUEDCzHwDMIRNglPcROy7DQbH2VO7xSSKW11n8CnBvgJi2SwBoCBpZjYZ0EIuwMHA68E3glzaJ3m89x0cB0G5quoDYD/gxcnl4IhGbCq4cEnkXAwHJQTEQgNrPl0xvG3YDXp9nkwPZLlmlOD8RTAKUrso3aStNs83TFlMbZBu1/Sx8k3wncBlzb/lwemvM8JPCcBAwsB8jMBGKzI/UOa/2kem9f+hOadeg9JNCZgIHVGZ0FJSCB3AQMrNzEbU8CEuhMwMDqjM6CEpBAbgIGVm7iticBCXQmYGB1RmdBCUggNwEDKzdx25OABDoTMLA6o7OgBCSQm4CBlZu47UlAAp0JGFid0VlQAhLITcDAyk3c9iQggc4EDKzO6CwoAQnkJmBg5SZuexKQQGcCBlZndBaUgARyEzCwchO3PQlIoDMBA6szOgtKQAK5CRhYuYnbngQk0JmAgdUZnQUlIIHcBAys3MRtTwIS6EzAwOqMzoISkEBuAgZWbuK2JwEJdCZgYHVGZ0EJSCA3AQMrN3Hbk4AEOhMwsDqjs6AEJJCbgIGVm7jtSUACnQn8D+8GqaZJdL5LAAAAAElFTkSuQmCC'),
(2, 'project2', 34, 1, 'data:image/png;base64,iVBORw0KGgoAAAANSUhEUgAAASwAAACWCAYAAABkW7XSAAANQUlEQVR4Xu2dWawlRQGGv2IZ9kUIKOiAUWPcIjEoCmoQ8EEexEQgIYoPKBLc0AiK7KiAIIsBlcUYJQaX4IYkoPFBRMUo8ACiMUaQRDEMoOyLbJap6R64DA73nD6nq6tOf53cQLhdVX99f92fXqqrAh4SkIAEKiEQKtGpTAlIQAIYWA4CCUigGgIGVjVWKVQCEjCwHAMSkEA1BAysaqxSqAQkYGA5BiQggWoIGFjVWKVQCUjAwHIMSEAC1RAwsKqxSqESkICB5RiQgASqIWBgVWOVQiUgAQPLMSABCVRDwMCqxiqFSkACBpZjQAISqIaAgVWNVQqVgAQMLMeABCRQDQEDqxqrFCoBCRhYjgEJSKAaAgZWNVYpVAISMLAcAxKQQDUEDKxqrFKoBCRgYDkGJCCBaggYWNVYpVAJSMDAcgzMTCDC1sALgB3an/Tv6VgF3N7+rApw78yNWcGoCRhYo7Z/8s5H2AjYD3hD+/NCYDtgC+C/wJNABNajOTcdj7a/S+Ns/fZ3DwB3Af8ArgeuAy4P8NjkajxzrAQMrLE6P0G/I6wEDgAOBl4LpLDZqg2eCWpY9pQUdPe1oXcjcAnwgwC3LVvSE0ZJwMAape3r7nSE3YDDgX1pbvU2bK+OcpBKV2mPA/cAVwIXhuYqzEMCqwkYWA6E1QQinAV8sL162qyAsZFuLx9qbzVTcH1GqyRgYI18DEQ4lSYMUkCk50wlHunKKx1nBDiuRIFqykPAwMrDubhWIpwEHAOsKOBqalI+KVTTg/zTA3x20kKetzgEDKzF8XKinkQ4BDi3fdA9UZkCT0rBlR7WfzzAtwrUp6SeCBhYPYEtrdoIewHfBHZsH6SXJrGLnvSAPr1RPCTA1V0qsExdBAysuvzqpDY2V1QHAdt3qqD8QncC3w7wyfKlqnAWAgbWLPQqKBvhd+0cqk0qkDuLxEeAGwLsMUslli2bgIFVtj+d1cVmFvrNwJadK6mzYPr8Z+cA99cpX9XPRcDAWsDxEWFv4OcFT1Pom3qaQb+3z7X6xpy/fgMrP/NeW4xwFM0r/017baj8yh9O88sCfLl8qSqclICBNSmpCs6LcDGwP7B5BXJzSExTH34U4P05GrON/gkYWP0zztJChLOBwwyrZ+F+EDg/wNFZjLCRXgkYWL3izVN5bOZXvXuED9gnBZwewH8/wKGTFvC8MgkYWGX6MrGq2Mw9Sp/ZjO1t4MSM2hNTaB0T4PxpC3p+OQQMrHK8mFpJhLcBV/iAfWJ0afWHdwT4zcQlPLEoAgZWUXZMLiZCmgiarho2mLyUZ7YroG4cmnW3PCojYGBVZtgauRH+BWxbqfyhZd8Z4PlDi7D96QkYWNMzG7xEhKuAt3h11dmKJ4BfBdincw0WHISAgTUI9u6NRjgnrU7QLl/cvSJLpk94LghwrCjqIWBg1eNVWhJ0T+AbwEsqkl2y1FuB9wW4pmSRanuagIFV0WiI8CfgVRVJrkHqTaHZEcijAgIGVgUmJYmx2W4rXV2lfQA95kcgzYRPV1mXza9Ka+qLgIHVF9k51+tbwTkDfWZ1d4Rm52qPwgkYWIUb1F5dpV1tThnxcjF9u5TmZB0V4Ly+G7L+2QgYWLPxy1I6QlpNc+MsjY23kYcDpP0YPQomYGAVbE57dbVm38D1Cpdau7y06N+pAU6svSOLrN/AKtzdCGmSY6kbnBZOb2p5TwTYcOpSFshGwMDKhnr6hiKcBhzZbnY6fQWWmJbAY8CZAY6ftqDn5yFgYOXh3KmV2GwW6rIxneh1LnRPgG06l7ZgrwQMrF7xdq88wq7pezeXjunOsGPJ9IJj9wA3dixvsR4JGFg9wp2l6ggXtUsez1KNZbsRSEsqf6RbUUv1ScDA6pPuDHVHSLsZp70FPfITWBVgh/zN2uJyBAys5QgN8PsIK4G/uXzMAPCbJtOb2Z0C3D6YAhv+vwQMrAIHRmzmAqW9BT2GI3BcaN7SehREwMAqyIw1UiL8EXh1gdLGJOkPAXYZU4dr6KuBVZhLETYC0mYJThYd1ps0831FgCeHlWHrSwkYWIWNhwgH0uwz6Hdtw3qTtro/OMCPh5Vh6wZWwWMgwrnAEQVLHJO0L4Vm30ePQgh4hVWIEUueX/263WCiMGWjlHN1aPZ+9CiEgIFViBFLAusW12wvxpS/Bnh5MWoUgoFV2CDw+8GiDLk3wPOKUjRyMQZWYQPA5WSKMuTJ4M7aRRliYBVkR4Stgbuc4V6MKWnG+7YB7i9G0ciFGFgFDYAIrwBuoJmL5TE8gUeBXQL8ZXgpKkgEDKyCxkGEvYCfuWBfMab8B9g3wC+LUTRyIQZWQQMgwnvaSaMrCpI1ZilpbawPBPjumCGU1HcDqyA3YjNJ8QyfYRVjSnqGdXSAc4pRNHIhBlZBA8DAKsiMRoqBVZglBlZBhrS3hF8HNilI1pileEtYmPsGVkGGtA/dr3TT1GJM8aF7MVY0QgysggxxWkNBZjRSnNZQmCUGVkGGOHG0IDOefoblxNGCbDGwCjIjSfHTnKIM8dOcouzwlrAwO1YH1r3AVsUJG6cgP34uzHevsAozJMLNwEsLkzVWOS4vU5jzBlZhhsRmt+e3FiZrrHJ+EWCfsXa+xH4bWIW54hLJRRlyZoBPF6Vo5GIMrMIGQIQDgIvdhGJwY9ImFO8NcNngShTwFAEDq7DBECF9+Jz+WNzma1hv0jZfGwZI//QohICBVYgRS2VEuAl4TYHSxiTJjVQLdNvAKtCUCCcAnytQ2pgkHRvgC2PqcA19NbAKdCnCi4C0e47rYg3jz+PATgFWDdO8ra6LgIFV6NiI8E9gx0LlLbqs2wKsXPRO1tg/A6tQ1yKcB3zUD9SzGxSBtOPzkdlbtsFlCRhYyyIa5oQIrwPSLtCbDaNgtK2mN7RvCs2LD4/CCBhYhRmyVI7fFQ5izt0Bth2kZRtdloCBtSyi4U6IcCbNrYk+5bEh3Q5+PsBJeZqzlWkJ+IcwLbHM57vcTFbgjwffzGYFPm1jBta0xDKfH+EU4BhgvcxNj625NKM9XV2dPLaO19RfA6sCt2LzqY4bU/Tr1cPBFxz9Ep5D7QbWHCD2XUWEE2n+z69f/cBOz66OD3BaP9Vb67wI+AcwL5I91xPhPmDLnpsZa/X3BNhmrJ2vqd8GViVuRTgE+Jq7Qs/dsLRZalpG5tK512yFcydgYM0daX8VRrgVeHF/LYyy5lsCvGyUPa+w0wZWRaZF2BP4IU5snJdrdwP7BbhmXhVaT78EDKx++c699ghfBQ51JYeZ0aYVGc4P8ImZa7KCbAQMrGyo59dQhOuBXedX4yhrujbAG0fZ84o7bWBVal6E+4EtKpU/tGz3GxzagY7tG1gdwQ1dLMJ2wB3OzZraiTTnaosAD01d0gKDEzCwBregu4AI+wPf8XnWxAzTc6t3BfjpxCU8sSgCBlZRdkwvJjbfGR4PbDp96VGVeAQ4KTQrYHhUSsDAqtS4pbJjs4/hgYbWOs18ALg0NG9XPSomYGBVbN5aoXUW8CFD61mGpg/Hzw7N95gelRMwsCo3cK3Qugg4yG8On6KSrqwuCfDhBbJ51F0xsBbM/thsXHG6a8GvXpLnqAAXLJjFo+6OgbWA9kfYo93AYqyL/qWpC7sH+P0C2jvqLhlYC2p/bN4a/h3YGlh/Qbu5drfSqqH/BlYGeHQkfR5VNw2sBbc7wlU0W4ZtteBdTTP/rwvw9gXv56i7Z2CNwP4IpwIH0Cyjsmi3iemq6hbge74JXPzBbGAtvserexjhzcBX2vW00m3iIhxpFdYUVh8L8NtF6JB9eG4CBtbIRkiE/YAL2zW1VlTa/fSJzV3AYQGuqLQPyu5AwMDqAG0RisRmkukXgY0rWnY5LWecPrH5VIA058xjZAQMrJEZvnZ3IxyXvrFr7hop9YorXVGl42R3thn3gDWwxu3/U71vN2w9op1wWsqD+fRA/UHgvAAnaJUEDCzHwDMIRNglPcROy7DQbH2VO7xSSKW11n8CnBvgJi2SwBoCBpZjYZ0EIuwMHA68E3glzaJ3m89x0cB0G5quoDYD/gxcnl4IhGbCq4cEnkXAwHJQTEQgNrPl0xvG3YDXp9nkwPZLlmlOD8RTAKUrso3aStNs83TFlMbZBu1/Sx8k3wncBlzb/lwemvM8JPCcBAwsB8jMBGKzI/UOa/2kem9f+hOadeg9JNCZgIHVGZ0FJSCB3AQMrNzEbU8CEuhMwMDqjM6CEpBAbgIGVm7iticBCXQmYGB1RmdBCUggNwEDKzdx25OABDoTMLA6o7OgBCSQm4CBlZu47UlAAp0JGFid0VlQAhLITcDAyk3c9iQggc4EDKzO6CwoAQnkJmBg5SZuexKQQGcCBlZndBaUgARyEzCwchO3PQlIoDMBA6szOgtKQAK5CRhYuYnbngQk0JmAgdUZnQUlIIHcBAys3MRtTwIS6EzAwOqMzoISkEBuAgZWbuK2JwEJdCZgYHVGZ0EJSCA3AQMrN3Hbk4AEOhMwsDqjs6AEJJCbgIGVm7jtSUACnQn8D+8GqaZJdL5LAAAAAElFTkSuQmCC'),
(4, 'Test', 34, 0, 'data:image/png;base64,iVBORw0KGgoAAAANSUhEUgAAASwAAACWCAYAAABkW7XSAAAONUlEQVR4Xu2da4xcdRnGn/fMpXfKRZGaIkWK1Fbb3RlcsIqwbHe3kBAIWpRw6UwgpcYYITERsImNFy7GBPxAuMR2hwJBU01ACHRmW5cPXGphZrclW1q5WEyxtdqKvdB2Z+e8ZlqIYpGd7s7Mef/nPPulX875v8/7e94+mTnzP+cI+EcCJEACjhAQR3RSJgmQAAmAgcUhIAEScIYAA8sZqyiUBEiAgcUZIAEScIYAA8sZqyiUBEiAgcUZIAEScIYAA8sZqyiUBEiAgcUZIAEScIYAA8sZqyiUBEiAgcUZIAEScIYAA8sZqyiUBEiAgcUZIAEScIYAA8sZqyiUBEiAgcUZIAEScIYAA8sZqyiUBEiAgcUZIAEScIYAA8sZqyiUBEiAgcUZIAEScIYAA8sZqyiUBEiAgcUZIAEScIYAA8sZqyiUBEiAgcUZIAEScIYAA8sZqyiUBEiAgcUZIAEScIYAA8sZq2wInf7iogmn7ps4Wzw5B4pZiuq/Ok0EJ6piigimAHLKUbW6WxX7RLBPFe9CZIcCWwBs8aWyZfekg1u2z1990EZnVOECAQaWCy4FqDH91JKJOr58AXztEEiHAi0i8OohSRW+AAMqWOurro0NJV8oXvbQe/VYm2uEkwADK5y+jr6rvoviLUNntsVEO1SxAMD5IpIc/YK1n6mqQxB5SRVrEaus699zcAOuWl2pfQUeGXYCDKywO1xjf+l1i8/SYbkSgisBnCeQQGdDoQqV9SL+7yC6uti56i81tsLDQkwg0KEMMVdnWkutuWEmPP92Aa4FkDAqvKzAo8NxuXvTxSu3GtVIWU0gwMBqAmSLJeb1Xt8aU28ZVK6o1zWpRvdZveYF0ScU3p39XStfaXQ9rm+PAAPLnicNVTSnL3PauLL8UoCrGlqogYsf+boIyR1O6O2D7bmdDSzFpY0RYGAZM6RhcnS5l+7d9l0ofgyRExpWp5kLq+71gWX9XTPugyz3m1matYIhwMAKhntTq87tu2Z6opx8HMBXm1q4ecWeLyeGrt7U/tj25pVkpSAIMLCCoN7Emi292cs9X3tE5KQmlm16KVX9p+9JdqCz58mmF2fBphFgYDUNdXMLzelbNHlcedIvBHJTcysHXU0f2J3ALdvac4eCVsL69SfAwKo/08BXTPcumQp/qACRtsDFBCBAoetFkguLnQ/9K4DyLNlAAgysBsINYumj16sSzwDyxSDqW6mpqpu0Igv6L+35uxVN1DF2AgyssTM0s0J1tzqGvT4ITjcjKkAhCn0dfuzS0sIVbwQog6XrSICBVUeYQS41N3/DF+JSWSeQU4PUYa22QneJYEGxM/eqNW3Uc/wEGFjHz8zcGXPz150Zl/jzAnzanDgDghT4a9mTC15dsPItA3IoYQwEGFhjgGfh1PSaa6fBSzwP4LMW9JjVoPrmIY21DS5cscesRgobkQADa0REdg+obl0YPzRpPUTm2FVpSJnqhkPJAx2D7av3G1JFKcdBgIF1HLCsHZoqZH4vkMus6TKtR/FksbvnCtMaKe7/EmBgOTocqd7MzaJyj6PyA5WtoreUOnP3BiqCxUdFgIE1KmzBnpRel02hgvWGn18VLKCRq5d9yHw+omZkUNaOYGBZc2QEPXPz150al/gGAc5wTLopuaq6TbxkC3fDm7JlRDEMrBER2Tognc/mIFhsS5WjahQPF7t7Mo6qj6RsBpZDtrcWshd6wHMOSTYvtSLaPtCZI1PzTh0VyMByxKg5g4uS47dP3gTBOY5IdkOmYuuh6fvnDs5ZPeSG4GirZGA54n8qn1kuIj9yRK5bMlVvK3bn7nJLdDTVMrAc8H3e2us/F6vENolgnANy3ZOo2FdODs3mE0vtW8fAsu8ReKG9CSbxAnwTII+9BANr7AwbukL1vYHi+a8BiDe0EBcfrkBnD3TlXicKuwQYWHa9OaIsVcg8EL3HHAdjikIfLHXllgZTnVVrIcDAqoVSQMdU3yE4voy3AJkQkISIldWD8IfPKi58dEfEGnemXQaWYavS+cytELnTsMTQSeN9hrYtZWAZ9ieVzw6IYJ5hiaGTpoqNpe6eltA1FpKGGFhGjWwpZFpikH6j8kItqwJtHejKDYS6SUebY2AZNS5VyNwrkO8ZlRdyWXp3sSt3a8ibdLI9BpZR21KF7DY+kSEgcxRbi909swKqzrIfQ4CBZXA8Wp7NzIjF5M8GpUVGUqWiZw5cktsWmYYdaZSBZdCoVCGTEUiPQWmRkaTQbKkrl4tMw440ysAyaBRvxTFgCm/VMWDCsRIYWAZtSRcybwPyGYPSIiNJgbdLXT0zItOwI40ysIwZdXR3u3CntQFfDiV02mB7bqcBKZTwPgEGlrFRaOnNXBRT6TMmK5Jy+DRSe7YzsIx50lrILPUg9xuTFUk5vPBuz3YGljFPuGHUkiHcQGrJjaoWBpYxR9L57BMQXG5MVjTl8C3R5nxnYBmzJF3IVl+Qep4xWVGV88diV8/5UW3eYt8MLGOupPPZLXwzjhFTeIuOESP+I4OBZcySdCFb/Rn9U8ZkRVIO92LZs52BZcyTdCH7LoCpxmRFVc7fil09p0W1eYt9M7CMuZLKZw/xdV42TFHF4VJ3z3gbaqiCvxIanAEGlh1TGFh2vPhACT9hGfOE17BMGcKvhKbs4D4sY3ZUX+vFB/dZMYUX3a04wV8J7TnxviJuazBkDbc1GDLjqBR+JTRmCTeOmjKEG0dN2cHAMmYHwFtzDFnCW3MMmcFPWObMqApKFzJ3AfIDk+IiJ4o3P1uznF8JjTnC57nbMYSPl7HjBbc12PPiiCI+wM+OMSr65VJnrnozOv+MEOAnLCNGfCCDj0i2Y0gloScNtOeqt0rxzwgBBpYRI/5bBvdiBW8K92AF78FHKWBgGfSFr/kyYApf82XAhGMlMLAM2sIL78GbwgvuwXvAT1g2PThGFV9VH7xRfFV98B4wsGx68JGqUvnsgAjmOSQ5NFJVsbHU3dMSmoZC1Ai/Eho1M53P3AqRO43KC7cs1duK3bm7wt2km90xsIz6llpzw0x4lT8JhB410SOFqsT07GLHw282sSxL1UiA/xlqBBXEYbwROgjq4A3PgWCvrSgDqzZOgRzFr4XNx66it5Q6c/c2vzIr1kKAgVULpYCO4dfC5oKvfh0c1sppm7of2dXcyqxWKwEGVq2kAjouVcg8IJCbAiofqbIKfbDUlVsaqaYda5aBZdywlkLm7BhkM4C4camuyxtW3/t8aeGKN1xvJMz6GVgOuJvKZ38tgm86INVZiar4Tam751vONhAR4QwsB4xO5RenIfIytzg0xqzqtauK+OmNnav6G1OBq9aLAAOrXiQbvA4/ZTUQMG90biDc+i7NwKovz4atNrfvmumJoeRmCKY0rEgEF1Zg/2HfO2Nw4Yo9EWzfuZYZWA5ZlurN3Cwq9zgk2bxU7rsyb9GHBDKwXPJLl3up3m3rBfIll2Rb1aqqxVLXjDbIct+qRur6MAEGlmMT0bo2O9ur4GUIJjom3ZZcxXvqDZ9b6nzkNVvCqObjCDCwHJwPPuBv7KbxAX1jZxjECgysIKjXoSZ/NRwDRP4qOAZ4wZ7KwAqW/6irp3uXTFV/aEBEZox6kQieqMDmXZP3n7t9/uqDEWzf+ZYZWA5bmM5nZgH4A0SmOdxG86Sr7vTjsfP7O1a83byirFRPAgysetIMYC2GVo3QVXeWE95Fmy5eubXGM3iYQQIMLIOmHK+ko6ElL0Bw8vGeG4njGVahsZmBFRIr0+uyKQyjl6H1P4Yq9pQTMp+frMIx6AyscPh4pIvq7TvxoWSfCGaGqK3Rt6L65nDcv3Bjx6p3Rr8Iz7REgIFlyY06aGl9JvtJL6ZPQ6StDss5u4QCr0ji0CXF9sf/4WwTFH4MAQZWCIci/dSSiUiWn4agPYTtjdiSKp7dNWX/17l1YURUzh3AwHLOstoEp19ZkvD3lJd5qj+ESKy2sxw/SrUCwR04OfmT4rkPlR3vhvI/ggADK+Rj0VJY/JWYeo9DcHqYW1XoO+r5i/oXrHopzH1GvTcGVgQmYOYz15wwNZb4qUK+IwIvTC2rwofo/XuHy7e/celje8PUG3s5lgADK0JTMa/3+ta4H/sVBKlQtK0oDXuVG/lo41C4WVMTDKyaMIXoIF3upQvblkLkDgBTnexMda8PLOvvmnEfn2XlpIOjFs3AGjU6t09M9139CZTH3Qbg24BMcKMbPaiKByV5+GfcruCGY/VWycCqN1HH1kuvuXYavPj3bQfX+0Glwz8vLnx0h2OIKbeOBBhYdYTp8lLV4FKJLwNwo4gkbfTCoLLhgx0VDCw7XphR0ppf/DURyQLyDQEmN1OYQg+Iym8rnuYGOnPPNbM2a9knwMCy71FgCucMLkomdkya5/naJuq1AdqmgnPq9ULX6gtMRbEVkA0q/gbfkw3laQc2Ds5ZPRRY0yxsmgADy7Q99sRNf3HRhFMOTJjlaaz68MBZAsyC6jQRnKiKKXLkvYlyylHlulsV+0SwTxXvQmSHQLdCsEV93bprynubefuMPY8tK2JgWXaH2kiABD5EgIHFgSABEnCGAAPLGasolARIgIHFGSABEnCGAAPLGasolARIgIHFGSABEnCGAAPLGasolARIgIHFGSABEnCGAAPLGasolARIgIHFGSABEnCGAAPLGasolARIgIHFGSABEnCGAAPLGasolARIgIHFGSABEnCGAAPLGasolARIgIHFGSABEnCGAAPLGasolARIgIHFGSABEnCGAAPLGasolARIgIHFGSABEnCGAAPLGasolARIgIHFGSABEnCGAAPLGasolARIgIHFGSABEnCGAAPLGasolARI4N9JpqbEx/46ngAAAABJRU5ErkJggg=='),
(6, '111', 34, 0, 'data:image/png;base64,iVBORw0KGgoAAAANSUhEUgAAASwAAACWCAYAAABkW7XSAAAN9ElEQVR4Xu2dfYwcdRnHv8/cW0so5UWwvV67u1OwtVVpy/V6txWFlD/UxEDwPTEREhJqjBESEwGbaHzhxZiAfxAgMaEmJmjUBAzRRMHyB93dnicUDNAKndmFbXuC1JZW2tu7ncfscUTepNvr7szzm/lecn915vd8n8/36Te7c7+ZEfCHBEiABBwhII7opEwSIAESAAOLQ0ACJOAMAQaWM1ZRKAmQAAOLM0ACJOAMAQaWM1ZRKAmQAAOLM0ACJOAMAQaWM1ZRKAmQAAOLM0ACJOAMAQaWM1ZRKAmQAAOLM0ACJOAMAQaWM1ZRKAmQAAOLM0ACJOAMAQaWM1ZRKAmQAAOLM0ACJOAMAQaWM1ZRKAmQAAOLM0ACJOAMAQaWM1ZRKAmQAAOLM0ACJOAMAQaWM1ZRKAmQAAOLM0ACJOAMAQaWM1ZRKAmQAAOLM0ACJOAMAQaWM1ZRKAmQAAOLM0ACJOAMAQaWM1bZEFoaGlroed6aqLd3FVRXC7BKgaUicjZUFwFYBJHzZtWqvgrgKESOquphAQ6KyJ4oivZAdQ+azT3Fev24jc6owgUCDCwXXEpQ48Tg4BmN/v5LPZEtKrIFqusg4nVEkmoEkd0AHhHVR3qnpnYOHzjwekfW5iKpJMDASqWt829qB9A7kMuNwPO2ALhCREYB9M9/xVM6swHVcivAvCh6dKRWGxegeUor8OBUE2Bgpdre9pvbuXz5SuntvVqAqwFsgkiys6GqClQ84He9Ir8ZDoIX2++GR6aVQLJDmVaqDvVVGhq6UPr7bwHwVQB9RqVPA/hlr+odG8Nwr1GNlBUDAQZWDJAtlijlcuulp2cbVK/q2DWpbjf6xjWvBz3gtk1BMNHtclzfHgEGlj1PuqpoPJ9f0hT5GUS+2NVC3Vy89W1RZHtPFN0yUq1OdrMU17ZFgIFly4+uqVHA25XPf1M97wcAzupaoXgXfg2q20bD8G4BonhLs1oSBBhYSVCPuWZl2bIhHRh4AMDHYy4dV7nHZWrqK6P799fjKsg6yRBgYCXDPbaqlXz+ykjkfhE5J7aiCRRS1X97qteOVqsPJVCeJWMiwMCKCXTcZZ45//wzjyxa9FMBro+7dsL17j0RRTdeXq2eSFgHy3eBAAOrC1CTXnLC9xdPq/4JIiNJa0mkvmqlT+RTw0FwJJH6LNo1AgysrqFNZuG561V/APDRZBQYqar69MDx41dsmJx8xYgiyugAAQZWByBaWaK1W93r69sBYLkVTQnreF4bjc8U6/UXEtbB8h0iwMDqEMikl9m5fPlHpK/vUQEuSFqLpfoKvNy6J7IYBH+3pIta5keAgTU/bqbO2pXLFZqe97iIDJoSZkSMqh7oazYv3fjii4ERSZQxTwIMrHmCs3LaRC63tPFGWPlWNFnUocA+NBojxXr9kEV91NQeAQZWe5xMHjW3daEiwFqTAq2JUh0/69ixLWtfeeWYNWnU0x4BBlZ7nEweVS4Ufg+Rz5oUZ1SUqj5UDMOrjMqjrJMQYGA5OiIl379BgDsdlZ+obAVuLAbBXYmKYPF5EWBgzQtbsieVc7kN6OmpGH5+VbKATl592gOKfETNyUFZO4KBZc2Rk+jZuXLlBRJF4yKSc0y6Lbmq1T6RddwNb8uWk6lhYJ2MkLF/LxcK2yHyNWOy3JSj+ouxMLzGTfHZVM3Acsj3Uj7/SfG8xxySbF9qFF0+Vq2SqX2nZhUysBwx6hmg/0ih8LSIrHJEshMyVXXv4jD82Fqg4YTgjItkYDkyAGXf/z6A7zki1ymZAtw8GgS3OyU6o2IZWA4Yv8v3P9QEnhZgwAG5zklU4Kg3NbWGTyy1bx0Dy75H4IX2GEziBfgYIJ9+CQbW6TPs6gqt9waiv/85AXq7Wijjiysw4wFrRoPg+YyjMN0+A8u0PUDJ9+/N4GOOE3FFgfuKQbA1keIs2hYBBlZbmJI5aO4dggFEFiajIGNVVY/3RdHK4VrtYMY6d6ZdBpZhqyq+f5MCtxmWmDppvM/QtqUMLMP+lAuF3RC52LDE9ElTfWosDNelr7F0dMTAMurjeD6/rul5TxqVl2pZPVG0fqRa3Z3qJh1tjoFl1LiS798lwLeMyku7rDvGguCmtDfpYn8MLKOulQqFKp/IkIw5rdt1imG4OpnqrPp+BBhYBuejnM/n4XmhQWnZkRRFhbFqtZqdht3olIFl0KdyPn8NPO9+g9KyIymKrh2rVrdnp2E3OmVgGfSJt+IYMIW36hgw4d0SGFgGbSn5fk2AFQalZUaSqtaKYZjPTMOONMrAMmbU7O52z+NOawO+9ETR0pFqddKAFEqYI8DAMjYK5Xz+MnjeDmOysimHTyM15zsDy5gl5Xx+KzzvHmOysimHF97N+c7AMmYJN4yaMoQbSE3ZwWe6G7MDKBUKD4rIleaEZVAQ3xJtz3R+wjLmSblQqEBkkzFZ2ZSjumssDEez2bzNrhlYxnwpFQp7+GYcG6bwFh0bPrxVBQPLmCflQmESIh80JiuTcrgXy57tDCxjnpR9/zCAxcZkZVOO6j/HwnBJNpu32TUDy5gvJd8/wdd52TBFgaliECywoYYqWgQYWMbmgIFlxxAGlh0v3lTCwDLmCa9hGTKEXwkNmfGGFAaWMUv44D47hvCiux0v+AnLnheziritwY4x3NZgxwsGlj0vZhVx46ghY7hx1JAZ/Epozoy5T1i8NceIM7w1x4gRb5HBa1jGPCn7/u0AvmNMVlbl8OZnY84zsIwZwue5GzKEj5cxZAa/EpozY/YaFh/gZ8YXiaKx0Wq1YkYQhXBbg7UZ4COS7TiyIIrOWV+ttm6V4o8RAvxKaMSIt8rgXqzkTeEerOQ9eC8FDCyDvvA1XwZM4Wu+DJjwbgkMLIO28MK7AVN4wd2ACQwskya8UxRfVW/AJr6q3oAJDCyTJryXqHKhsBsiFzsjOE1CVZ8aC8N1aWopLb3wK6FRJyu+f5MCtxmVl2pZAtw8GgStDbz8MUaAgWXMkDfllIaGLpS+vn9AhB7F6ZGqRjMzF21+6aV9cZZlrfYI8D9De5wSOYo3QieAnTc8JwC9/ZIMrPZZxX4kvxbGjhwK3FgMgrvir8yK7RBgYLVDKaFj+LUwZvCtr4Oet2Tzvn0vx1yZ5dokwMBqE1RSh5V8/14Brk+qfpbqKnBfMQi2Zqln13plYBl3rOL7F0XAswL0GpfqtDwFZtBofLhYr7/gdCMpF8/AcsDgcqHwK4h8yQGp7kpU/fVYGH7Z3QayoZyB5YDPlRUrLtGenr9yi0OXzNLWxavokmKt9mSXKnDZDhFgYHUIZLeX4aesLhLmjc5dhNvZpRlYneXZtdUqy5YNRQMDrWtZi7pWJIMLK3AMjUauWK8fymD7zrXMwHLIspLv3yDAnQ5JNi+V+67MW/Q2gQwsh/xSwGvtfheRjQ7Jtiz1b6NBMCJAZFkktf2PAAPLsWmorFixZu4C/BmOSbclV/V1RNHwWK32nC1hVPN+BBhYDs4HH/DXAdP4gL4OQIx/CQZW/Mw7UpF/NTwNjPyr4GnAS/ZUBlay/OddfcL3F0+rth7yl5/3Itk88VltNIaL9frxbLbvdtcMLIf9K+XzqyHyFxFZ6nAb8UlXnYyA0c1hWIuvKCt1kgADq5M0E1iLodUmdNXJXuCyjWG4t80zeJhBAgwsg6acqqRWaInIToice6rnZuJ4hlVqbGZgpcTKci63AZ73Z4bWOwxVPdQLFPnJKh2DzsBKh4+zXbRu39GBgR0ALkxRW/NuRYF9aDQ+WazX9897EZ5oigADy5Qdpy/miSVLzp9auPBhiIyc/mrurqDARP+JE58ePnDgX+52QeXvJMDASuFMTAwOnjG9YMHDAC5PYXvttPRHbTQ+x60L7aBy6xgGllt+ta12Auib8f1tkep3RaSn7RMdPlBVmwBu7Q/DHw4D0w63Qun/hwADK+WjUV6xYjN6ex8AsDzlre73ms0vbKrVyinvM9PtMbAyYH/l3HPP0sWLfwTgGxDxUtWyaqTAPd6RI7eMHjr0Wqp6YzPvIsDAytBQlHK59dLT83MAG1LS9hPabF7HRxunxM022mBgtQEpTYe0nqm1y/e3KnArgMWO9vYaVLeNhuHdfJaVow7OUzYDa57gXD9tYnDwA9MDAzcD+DpEFjrRj+pxFbmv/8SJH3O7ghOOdVwkA6vjSN1acCKXWzrted82HVxvBlWz+ZPhWu2gW4SptpMEGFidpOnwWnPBtQ0i1wHoN9EKg8qEDZZEMLAsuWFEy85C4ROeyLUKfF6AM2OVpfofAL+F6vaxavWxWGuzmHkCDCzzFiUn8Bmg/7DvXyyqrdt8Zn8FWNWxF7q2XmAKtB73Mt76VZHxs4PgqbVAI7muWdkyAQaWZXcMaisNDS1ET0/rwYGrPc9braqrFVgqImdDtfXOxEUQOW9WuuqrAI5C5KiqHhbg4GxAiezxZmb2RlH0LG+fMWiyYUkMLMPmUBoJkMDbCTCwOBEkQALOEGBgOWMVhZIACTCwOAMkQALOEGBgOWMVhZIACTCwOAMkQALOEGBgOWMVhZIACTCwOAMkQALOEGBgOWMVhZIACTCwOAMkQALOEGBgOWMVhZIACTCwOAMkQALOEGBgOWMVhZIACTCwOAMkQALOEGBgOWMVhZIACTCwOAMkQALOEGBgOWMVhZIACTCwOAMkQALOEGBgOWMVhZIACTCwOAMkQALOEGBgOWMVhZIACTCwOAMkQALOEGBgOWMVhZIACTCwOAMkQALOEGBgOWMVhZIACfwXLSiXxGgcGm0AAAAASUVORK5CYII='),
(8, 'admin project', 23, 0, 'data:image/png;base64,iVBORw0KGgoAAAANSUhEUgAAASwAAACWCAYAAABkW7XSAAAOFElEQVR4Xu2dbYwddRXGnzP37m4LfQFRpE2R0r3dmbYq5cWCKAKhHyy6d0u1viQmQkJCjTFCYiJgE40vvBgT8AMBEhNKYoKmivtS2qAgfIBQC0jBtDuz3V0Xs0BFwdru0t29984xd9smEhr29nLvnfOfeTbpt5n/ec7vOTzMzv5nRsAfEiABEnCEgDiikzJJgARIAAwsDgEJkIAzBBhYzlhFoSRAAgwszgAJkIAzBBhYzlhFoSRAAgwszgAJkIAzBBhYzlhFoSRAAgwszgAJkIAzBBhYzlhFoSRAAgwszgAJkIAzBBhYzlhFoSRAAgwszgAJkIAzBBhYzlhFoSRAAgwszgAJkIAzBBhYzlhFoSRAAgwszgAJkIAzBBhYzlhFoSRAAgwszgAJkIAzBBhYzlhFoSRAAgwszgAJkIAzBBhYzlhFoSRAAgwszgAJkIAzBBhYzlhFoSRAAgwszgAJkIAzBBhYzlhlQ+jmZcvmlxYsWK2Ar6oBAF+AJQDOgMhCANV/Zx1X+xaAI1A9AuCQAm+ISBgDoZTLYcfUVLh9fPyojc6owgUCDCwXXEpQY/fSpad5ixZdoarXQOQaUV0LEa8hklRjFdkL1ScQx0/o5OSzA6+//k5D1uYiqSTAwEqlrfU3dRWQXxwE644H1HoBLgPQXv+Kp3TmjALPVQMsFnlyfhju2Q5UTmkFHpxqAgysVNtbe3MbC4XOOJfbBJFNUL1URBKdDVVVEdmtwO91Zmb7wOjoP2rvhkemlUCiQ5lWqC71VezsLEg+fztEvgGgzaj2ElR/rcDd/VEUGdVIWS0gwMBqAWSLJYqFwoXI57eK6saG3ZNqdqPH7nn1QvXO/ih6odnluL49Agwse540VdG1y5efk+/o+KWIfKWphZq4+Oyvi8C20vT07TvHxg42sRSXNkaAgWXMkCbK8Yq+/x0APxaRRU2s07KlVfWwimwdCMP7AMQtK8xCiRFgYCWGvnWFNxQKy9pyuUdE5LOtq9q6Sqr6TKlS+fqu4eHx1lVlpSQIMLCSoN7Cmt2+3yMiDwlwZgvLtryUAv9R1RsGoqiv5cVZsGUEGFgtQ93aQpvXrFkwUy7/AiI3tbZystVU9YHD09O3PD02NpWsElZvBgEGVjOoJrzm+hUrFp/e1vZHiKxLWEoi5RXY/c7MzOefGB39byICWLRpBBhYTUObzMLV+1XtudxOiHwiGQU2qqrqK6VKZf2u4eF/2VBEFY0gwMBqBEUja1R3q2su9xREzjUiKVEZChxAqXRt/8jIcKJCWLxhBBhYDUOZ7EJfWLXq4/k4fhIiZyerxFh11Tchsr4vDP9mTBnl1EGAgVUHNGundPv++QI8IyJLrWmzoEdVX6+oXvHY0NCoBT3UUD8BBlb97EycuWnVqiXlOK6G1QoTgqyKUB2Zmpxc9/j4+NtWJVLX3AQYWHMzMntEdevCdKWyW4A1ZkVaEqa6pz2fv2b7vn0TlmRRS+0EGFi1szJ3ZI/v90Ok25www4JUta8/ijYalkhp70OAgeXoeHT7/s2eyD2Oyk9Udqx6y0AU3ZuoCBaviwADqy5syZ7UXShc5OXzuw2/vypZQHNXL6nq5XxFzdygrB3BwLLmyBx6ruvsPDtua9sD4DzHpFuTOzY5M7OWu+Gt2fL+ehhYbvmFYhBsE+Cbjsk2KVeBh/vD8HqT4ijqpAQYWA4NRncQXOkBTzsk2bxUAa7uDUMyNe/UMYEMLEeM2rxmTft0ufyKiPiOSHZCpqpGHfn8J7fv2zfjhOCMi2RgOTIAxSD4kQA/dESuWzLj+La+oaG73BKdTbUMLAd8vy4Iuiqq1aurDgfkOidRVY+UKpXVfGOpfesYWPY94o32FnjEG/AtgNyAEgysBkBs5hLV7wairW1QgHwz62R9bQXK8czM6h2joweyzsJy/wwsy+4A6PH9B7L2muPELFF9sC+KtiRWn4XnJMDAmhNRcgdUvyHY1tExCpH5yanIUGXVoznP63x0cPCNDHXtVKsMLMN29XR13QrPu9OwxNRJ43OGti1lYBn2p+j7e0XkAsMSUydNVV/uj6K1qWssJQ0xsIwauXHlyrWay71kVF6qZUmlcmHvgQN7U92ko80xsIwaV/T9e0Xku0blpVuW6t19UXRrupt0szsGllHfeoJgjG9kSMac6uM6/VEUJFOdVd+PAAPL4HxsDILlCvzdoLTMSBLg/N4wrP5Pgz+GCDCwDJlxQkp3EFzvAQ8ZlJYZSTFww0AYbstMw440ysAyaBTfeZW8KXxUJ3kPTqaAgWXQl2IQvCrAxwxKy5KkV/vCcHmWGnahVwaWMZdmd7fPm8ed1gZ8KU1NLdk5NnbQgBRKOE6AgWVsFDYGwVUKPGVMVibl8G2k9mxnYBnzpOj7W0TkfmOyMimHN97t2c7AMuYJN4waMoQbSA2ZcUwKA8uYJUXf7xWRHmOyMimHX4m2ZzsDy5gnPUFQ/UDqpcZkZVXOX/rC8LKsNm+xbwaWMVeKvh/yyzg2TOEjOjZ8+H8VDCxjnhSD4KAAHzUmK6tyuBfLmPMMLGOG9Pj+IYgsNiYrk3IU+Gd/GJ6TyeaNNs3AMmZM0fen+DkvG6ao6nR/FM2zoYYq+FdCgzPAwLJjCgPLjhcnlPAKy5gnvIdlxxD+SmjHCwaWPS9mFfHFfaaM4U13U3Zw46gxOwBua7BjCbc12PGCV1j2vDhxhcWNo3a84cZRO17MKuE9LGOG8NEcO4bw0Rw7XvAKy54Xx66wfP8uiHzfqLxsyeLDz+b85hWWMUv4Pnc7hvD1Mna84BWWPS9mFfEFfnaMicvlTw8MD1fvKfLHCAFeYRkx4oQMviLZjiEyNXVm79jYITuKqISBZXAGuBfLhCncg2XChneLYGAZNIWf+UreFH7mK3kPTqaAgWXQF954T94U3nBP3gMGlk0P3qOKn6pP3ih+qj55DxhYNj04qaqi7+8VkQsckpwaqar6cn8UrU1NQylqhL8SGjWzp6vrVnjenUblpVtWHN/WNzR0V7qbdLM7BpZR34qdnQXk80MiQo9a6JGqqleprOwdHh5pYVmWqpEA/2OoEVQSh/ELOklQBx94TgR7bUUZWLVxSuQo/lrYeuyx6i0DUXRv6yuzYi0EGFi1UEroGP5a2Frw1V8Hc+XyOX8YGXmztZVZrVYCDKxaSSV0XI/vPwCRmxIqn62yqg/2RdGWbDXtVrcMLON+fXHFipVee/t+AfLGpTotT4EySqVV/SMjw043knLxDCwHDO7x/d9A5KsOSHVXoupv+6Loa+42kA3lDCwHfN4YBBfHqs9zi0NzzKreu0KlcnH/8PBLzanAVRtFgIHVKJJNXodXWc0DzAedm8e20SszsBpNtEnrbSgUlrXlcvtFZGGTSmR12YmpiYnzHh8ffzurAFzqm4HlkFvdvn+zJ3KPQ5LNS+W+K/MWvUsgA8stv7yi7+8WkU+5Jdus2hf7wnAdgNisQgpjYLk8Az2FwmrN558X4DSX+0hauwLvVCqVSx47cGAwaS2sXzsBXmHVzsrMkXzB3we3gi/o++AMk1iBgZUE9QbU5F8N64fIvwrWzy7pMxlYSTtQZ/31K1YsPr29fS+A5XUukdXT9rdPTFyyfXz8aFYBuNw3A8th97q7ugLP8/4MYInDbbRMugIHyyKX7RwcfLVlRVmooQQYWA3F2frFGFq1Ma+GFVSv6o+iqLYzeJRFAgwsi66coqbjofUsgA+d4qmZOJxhlR6bGVgp8bK7ULjIy+f/xNB6j6Fvq+rlvLJKx6AzsNLh42wXs4/v5PNPCVBIUVv1t6I6UlG9csfQ0Gv1L8IzLRFgYFlyowFaNhQKH2nP5XZApLqDO7M/qvqCqm4YGBr6d2YhpLBxBlYKTe1euvQ0Wbhwh4hcncL25mxJVXd1TE5+iVsX5kTl3AEMLOcsq03wxUDbsiDYCtUfQCRX21mOH6VaUeCO16LoJy8CJce7ofyTEGBgpXwsir7/GQEegci5aW5VVV+LRTbvCMPn0txn1ntjYGVgAjYUCovaPe+nEPk2RLxUtawaq8j9pXL59l3Dw4dT1RubeQ8BBlaGhqJYKFyIfP5XAlyUhrYV+CvK5Rv5auM0uFlbDwys2jil6Sivp6trC0TugMhiFxtT1cMqsnUgDO/ju6xcdLB+zQys+tk5fWZ3V9eHxfNuE9VvQWS+E82oHlXgQVX9GbcrOOFYw0UysBqO1K0FN61ataSs+j3TwXU8qPKe9/NHBwffcIsw1TaSAAOrkTQdXqsaXJU43gqRGwG0m2iFQWXCBksiGFiW3DCipbhy5eckl7sBwJcBLGilLAUmAfzOA7b1huHTrazNWvYJMLDse5SYws1r1rRPlUoXeMA69bx1UK0+7uM36oOusx8wBSKI7JE43hMDe+a1tb28fd++mcSaZmHTBBhYpu2xJ27zsmXzp+fNCzSfDzwgUNVAjr1A8Awc+2Zi9d9Zx5W/BeAIVI8AOKRA9f5TJCKhAFHbxMR+Pj5jz2PLihhYlt2hNhIggXcRYGBxIEiABJwhwMByxioKJQESYGBxBkiABJwhwMByxioKJQESYGBxBkiABJwhwMByxioKJQESYGBxBkiABJwhwMByxioKJQESYGBxBkiABJwhwMByxioKJQESYGBxBkiABJwhwMByxioKJQESYGBxBkiABJwhwMByxioKJQESYGBxBkiABJwhwMByxioKJQESYGBxBkiABJwhwMByxioKJQESYGBxBkiABJwhwMByxioKJQESYGBxBkiABJwhwMByxioKJQESYGBxBkiABJwhwMByxioKJQES+B9U37TEpe9ITAAAAABJRU5ErkJggg=='),
(9, '93799923', 34, 0, 'data:image/png;base64,iVBORw0KGgoAAAANSUhEUgAAASwAAACWCAYAAABkW7XSAAAOHUlEQVR4Xu2dbYxcVRnHn+feKVtqC4gkYklRqLW7M7tIrEQwKCGVQLedmcXi7GzxXeLLB1ESE6Of+onE+EESY4wRPligOzNiuzPT0mLDSxC1ogRke2dboRAhUOILKVDabnfufcx0eRFK0pm9c899zr3/ST+ec57/8/uf/Hvn7j13mPABARAAAUsIsCU6IRMEQAAECIGFTQACIGANAQSWNVZBKAiAAAILewAEQMAaAggsa6yCUBAAAQQW9gAIgIA1BBBY1lgFoSAAAggs7AEQAAFrCCCwrLEKQkEABBBY2AMgAALWEEBgWWMVhIIACCCwsAdAAASsIYDAssYqCAUBEEBgYQ+AAAhYQwCBZY1VEAoCIIDAwh4AARCwhgACyxqrIBQEQACBhT0AAiBgDQEEljVWQSgIgAACC3sABEDAGgIILGusglAQAAEEFvYACICANQQQWNZYBaEgAAIILOwBEAABawggsKyxSofQ2vO1c5e8KqPiOJeLBCNEdJEwncUiAyKUIWaXaf7n46TzT8RnprYwz7LQq0T0jLBMB37mT3NnB/eVVpRe1tEZVNhAAIFlg0sxamy+2DyPXzn6zUCoSCTDQrSE+/RzlkLSWemokDPNxNv5nMV35Jfn/xNjuyitnAACS7lBpuU9KA8uPrr/0Fd8ckuB0BoWOpsN7RIRImY6HJA85nKmemww+E2JSydMM0A9vQQMbUW9AKBsnsDup6tXz83KDwLmzzLRUiVcXiOhhzKcuXU0u3GvEk2QESMBBFaM8DWU3u79dq1L7V8K8So2dSnVY+Mina+O8pS47s3FwdLuHqdjeIIIILASZGYvrWzfd8+E4/g/JZIL+nVPqpf6CxnbuedFxC+wG/yosHrizoWsgTl2E0Bg2e1fz+rr0/dcwq6/g4hW9DxZ0wQJnpJg0Q3FkRue1CQLWqIlgMCKlq+a1UU2Zxozq2tMzljnMkWNsHBChALZls/tLzNvbodbCrNtIJCUjWsD69g0Ng5ULuOA94jQ2bGJiLAwM70ijlxTWF3+a4RlsLQCAggsBSZEKaHuTd7KjvNDEnKirBP72kyBBMFPirmJH8euBQIiI4DAigxtvAvvfab+wX8dm32AWLLxKjFcndlbtvj1K6++6GuHDVdGOQMEEFgGIJsu0fS2XBjwgKfoeSrTCF5jmR3O5778nOnCqBctAQRWtHyNr965X0U+PUzEi40X11XwmOPLmg0j5RldsqAmDAEEVhh6yubu2F+9Ogjo90SUUSYtLjknWILRfG7i/rgEoG5/CSCw+sszttWmWpPXM/E9TJzsm+s9EhaSgJi+UBwqb+txKoYrJIDAUmhKr5LqrWrn/N8DROT2Ojcl433m4HP5oYmHUtJvYttEYFlu7U6vdmmbg0eZeJHlrUQqX0TmFgU0NDpSPhhpISweKQEEVqR4o118p1c732d5lojSfoO9K9BCdCQjvGp9rvRSVxMwSB0BBJY6S7oX1GhVDxHR+d3PwEgiOlTIji8HCTsJILDs9I2mvMp2h7lzLhCfHgkEIlNjufL1PU7DcAUEEFgKTOhVQmOmtolE7krQIeZeEYQdLwG1vzqWvXFL2IUw3ywBBJZZ3qGrTT1Vyzon5O/EeNYqFEyhNtPsSjwNH4qi8ckILOPIwxWc8ipPO8wrw62C2R0CgcjBsVz5o6BhDwEElj1eUb1V+R4T32aRZAukyi2FbBlMLXCqIxGBZYlRNa+2dIDkv8x0hiWSrZApQidmiT9QypWOWCE45SIRWJZsgLpXfYiZrrJErl0yOdhdGJpYZ5fodKpFYFng+459d18bOJlduCKOzCwhVz6FN5ZGxrdvCyOw+oYyuoVwoz06tm+ujBvw0TPuRwUEVj8oRrhG05tcK+zswdVVhJDnl+78+uG1xWypwxofpQQQWEqNeVNWw6t5qXvNcVyeCLcKuVIurvKoe3oCCKzTM4ptRH166yXsuk/g6sqYBeIKf2J9rtRhjo9CAggshaa8dXU1M7mLxLlOscTEScM5Q92WIrAU+9PwJo8RO3h1jEmPJDheyE2cabIkanVPAIHVPSujI5vTtXFxpWK0KIqdJMA+l/MjpSpw6COAwNLnyUlFU17lcYf5UqXyki5rbyE7fkXSm7SxPwSWUtfqrUqbifGO9hj8EaITxez4QAylUfI0BBBYCrfINm/rlRl2/6BQWmoktcX/zOdzmx5JTcOWNIrAUmhUvVW7nUm+oVBaaiQJ8R3FbOmm1DRsSaMILIVG4ShO/KbgqE78HryXAgSWQl8aXnUObxSN1xgh8YvZMn5BO14bTqmOwFJmyM6Z2ogv8qQyWamU4zJfsn6oNJ3K5pU2jcBSZkyjtfX7RO7PlMlKqRz/lkJ2E95Gqsh9BJYiMzpSml7lbmHepExWKuXgxrs+2xFYyjzBA6OqDMEDpKrswDvdldlB1NhXOUQO49ecNTgTyEuF4fKHNEiBhnkCuMJSthPqrcprTLxUmaxUyhGSI8VseVkqm1faNAJLmTH1VnWWCb+Mo8EWHNHR4MI7NSCwlHnSaFV8InaUyUqlHDyLpc92BJYyT+peRZhhiw5bJChkyziArsMM3MNS5MNbUhqtqmjUlVZNhew4/vdQZD7MUGRGRwoCS5chCCxdfiCwdPlBuIelyRB8JdTkBh5r0OYGEeHFfXpMwU13PV68qQRXWMo8wWMNegzBYw16vEBg6fPipCI8OKrHGDw4qscLBJY+L04qwtEcRcbgaI4iM+al4CuhMksareqfiehyZbLSKgeHn5U5j8BSZgje567HELxeRo8X+Eqoz4v5r4R4gZ8iZ4KbCtmJOxQJSr0UXGEp2wJ4RbIeQ+YWZz6y8eKN/9SjCEoQWAr3AJ7Fit8UPIMVvwfvpQCBpdAX/MxX/KbgZ77i9wCBpdODU1Thxnv8RuGGe/weILB0enCKKvxUffxG4afq4/cAgaXTg/dU1fAmjxE7iy2SnBypEhwv5CbOTE5DyekE97CUetmYmdxF4lynVF6yZXGwuzA0sS7ZTdrZHQJLqW9Nb3KtsLMHpxGMGySOQ2s3DI4/aLwyCp6WAALrtIjiG4CD0ObZ48Czeea9VERg9ULL8Fh8LTQMnIgCkamxXPl685VRsRsCCKxuKMU0Bl8LjYOXYBEPj60qtYxXRsGuCCCwusIU36CGV/OIJRufghRVFm4VcqVcijq2rlUElnLL6q3aNUxyH26+R26UsATX5HMT90deCQUWTACBtWB05iY2WtXOAdwLzVVMZaXnCtnxD6eyc4uaRmBZYFbdq36RmbbgKisys4QCurEwPD4ZWQUs3BcCCKy+YIx+EVxlRccYB52jY9vvlRFY/SYa0XqNA5XLyOe/4Cqr74Al48uq0ZHywb6vjAX7TgCB1Xek0S045VW2O8xj0VVI38p47souzxFYFvklsjnTbA0eJub3WSRbs9TX80Mz5zBvbmsWCW1vE0BgWbYbmjPVvAjV8dUwtHFCLIXCUHlH6JWwgDECCCxjqPtXCC/4C88SL+gLzzCOFRBYcVDvQ0381XDhEPFXwYWzi3smAituBxZYv+ltuVBo4CAxZRa4RFqnzR5fxstLK0ovpxWAzX0jsCx2r9mqjgpRg4hci9swJ53JF5+uKg6P/9FcUVTqJwEEVj9pxrAWQqtL6J2wYt5QHCzt7nIGhikkgMBSaEqvkt4IrSYROb3OTcV4hFVibEZgJcTKxkxtE4ncidA6xdBAHF6PK6tkbHQEVjJ8PNnFG8d3HiGiMxLU1oJbEZE513Gu2DBUemzBi2CiKgIILFV2hBezY7oy5Lv8KBMtDb+azSvI6+LMrSkOfumAzV1A+zsJILASuCOaB7aeJ777DyJ6fwLb66alfx9fxoN4dKEbVHaNQWDZ5VfXav8mv1ry4sw594rQVZwSl0WImOnh5UOH132Sv3W0a1gYaA2BlGxla/zou9Dm/uq3JaCfEyX7AVMh8h2m7+SHxn/dd4hYUA0BBJYaK6IT0jxQu0DaslNYPs6ULMuFpHMOfNpxeV1+demF6ChiZQ0EkrV7NRBVrKGxrzpBTLcT0xLFMruXJnSUhG7Cq427R2b7SASW7Q72qP/kO7VmBu8i4pLFr6gRCmRbPre/jHdZ9bgBLB+OwLLcwIXK33mw8jF/lraK8BpbbsrP31Tnx92BoLx+ZbnzV1B8UkYAgZUyw9/d7k6vdqnPwe2ag+utoBL6+vpc6YmUW5bq9hFYqbb/7ebng0vuFKFhLVdcCCpszncTQGBhT5xCoOFVvktENxM7K4nE9B7p5NRB15FfbBgs3wZ7QOD/CZjejKBvEYGaV1s6kJGNrk+jPskaElrBzH09pygiJ4jpeZf4Md+le2fb/LtSrnTEIkyQapAAAssg7CSUqj1fO3fRK861jtv+NAuPENHFwnQWiwyIUIaYXab5h72k80/EZ6a2MM+y0KtE9CyzM81BsPfoWXwvjs8kYVeY6wGBZY41KoEACIQkgMAKCRDTQQAEzBFAYJljjUogAAIhCSCwQgLEdBAAAXMEEFjmWKMSCIBASAIIrJAAMR0EQMAcAQSWOdaoBAIgEJIAAiskQEwHARAwRwCBZY41KoEACIQkgMAKCRDTQQAEzBFAYJljjUogAAIhCSCwQgLEdBAAAXMEEFjmWKMSCIBASAIIrJAAMR0EQMAcAQSWOdaoBAIgEJIAAiskQEwHARAwRwCBZY41KoEACIQkgMAKCRDTQQAEzBFAYJljjUogAAIhCSCwQgLEdBAAAXMEEFjmWKMSCIBASAIIrJAAMR0EQMAcAQSWOdaoBAIgEJIAAiskQEwHARAwRwCBZY41KoEACIQk8D85+4vE2zTalQAAAABJRU5ErkJggg=='),
(18, 'New proj', 34, 0, 'data:image/png;base64,iVBORw0KGgoAAAANSUhEUgAAASwAAACWCAYAAABkW7XSAAAOlUlEQVR4Xu2dfWwcxRnGZ/buHAfySYjjOycFEie+s9uSBNeY8zkQhT/aShWIfkuVChISqaqqIFUqpJFa9QuoKkH/QCRSJVKpEq3aSlChVmpDg+KPGOOWJJXjc2KnocRn4zQhxCl27mOn7wailibIZ3vv9p13H4sIy96ded7fM3myOzc7qxW+QAAEQMASAtoSnZAJAiAAAgqBhUEAAiBgDQEEljVWQSgIgAACC2MABEDAGgIILGusglAQAAEEFsYACICANQQQWNZYBaEgAAIILIwBEAABawggsKyxCkJBAAQQWBgDIAAC1hBAYFljFYSCAAggsDAGQAAErCGAwLLGKggFARBAYGEMgAAIWEMAgWWNVRAKAiCAwMIYAAEQsIYAAssaqyAUBEAAgYUxAAIgYA0BBJY1VkEoCIAAAgtjAARAwBoCCCxrrIJQEAABBBbGAAiAgDUEEFjWWAWhIAACCCyMARAAAWsIILCssYqH0LW9by5eUoo0K2WajFZJR6kmpXTcKLWCFC6lny/VSq/y1BplztLvpujbKRpo5+kn43Rcln6RdSIqe0G52dPpddM8KoMKGwggsGxwKUCNiYHcdcvyqlO7Zocxege9yXIzDRrKqYV/UXi5FF6HtTL7qd3979Tqnlxr4t2Ft4wWpBJAYEl1dr51HTDR5KLJNu26O+iK6G76005XSTXzbW5u55k8heIhGpT7jRN5OZuu61dal+bWBo6WTACBJdndOdTW2PPWhohx73OUe59R+nYaGIGODbr68v7rU8b5XV6b35zMJP45h3JwqFACgQ5KoUytKmtD72RjrFTYpbX6CmVUjKd4UzBG/ZLmzJ4czjQM89QIVdUggMCqBmWGfTT3jm1xXb2bpN3r15xUpcu8POel1Av0/8eHM4mBSveH9vkRQGDx86Siilr6J+vdfOFndDX1hYp2VMHGL98uGrMvsii2a7CtbqKCXaFpZgQQWMwMqZgcY5ym7vFv0K3f98n0ZRXrp4oNU3BdUNrszqYTz9DkvHf1hS/hBBBYwg32ymvsO7s2Vrz0PH2bEVpudyG66Msj7atOC60PZb1PAIElfCg09Yzd47jqOboCWSm6VGPedh31wHBHw4ui6wx5cQgsoQOg5cDkklKs+FMy+CGhJX5YWXumC/FHTm3XMyGrOxTlIrAE2rx+4NzyRdMzf6KVVG0CyyujJNN3qXbxJ0+23vBOGQfjEIsIILAsMqscqd58VbR46Q9k7MfKOV7qMcaYo0Xj3D2yLX5Gao1hrAuBJch1b7V6zC0eoPmqdYLKmn8pxpzIR2KfHk3Xjcy/EZzJiQACi5MbC9CS6pn4qDHuy2Ro3QKaEXcqLX2YVI5zdzZd/3dxxYWwIASWANObXp24RRdK3bStS0JAOb6XQKtMc66Jdh7vXHPS98bRYFUJILCqitv/zlIHz8SNLnTTgtD1/rcuqsVRx7m+bTC9/JyoqkJWDALLYsO9pQturNhHJbRYXEb1pBvV7xSjOwa3112sXqfoyU8CCCw/aVa5rWT32O/pNvAzVe7W9u5eHMok7rW9iLDqR2BZ6nyqO/cwSX/KUvlBy36EQuvpoEWg/7kTQGDNnVngZ6QO5baqEm1ux3b/qsARzSLAFFyl09iihrtPV+tDYFnm2Yaeiboa4/aT7Jssk85KLi13OJWvrd2M1fCsbJlVDAJrVkS8Dkh25/aRaV/lpcpONRRav8hmEvfbqT6cqhFYFvme7B2/k95e84pFktlLpZdebM92xsGUvVPvCURgWWJUy6CpKb2dO0qfCtJ7APHlFwFaVDocWZn4+GCLzvvVJtqpHAEEVuXY+tpysmvse1rr7/raKBq7TIBuDR+jW8MngIM/AQQWf49UsuvMJqXyRymwFlkg1zqJFFhTxeiiZuxYyt86BBZ/jxQm2itvEibgK8/Yjx4QWH5QrGAb3nsDa0rFIZptjFawGzRtVFHFos1D7XUnAIMvAQQWX28uK6Orqz0h3OY4EFfoKmsvzWXtDKRzdFoWAQRWWZiCOch7h2ApXzhJnwwuDkZBuHqlTwyntVuzYWjb6vFwVW5PtQgsxl7R1dWjZNDjjCVKlIbnDBm7isBibA7txnCYrq5uZSxRnDS6yjqSzTRsFleYkIIQWEyN3NgzuTlqiq8zlSdaVlFHt5zoqDssukhLi0NgMTUu1ZN7mlY0fpOpPNGyXKOfHO6MPyq6SEuLQ2AxNY72uzpF0rAjQwD+eI/r0G1hMoCu0eUsBBBYDIdI8tD4zbpk/sFQWmgkmYi+JXtH3PtHA1+MCCCwGJlxRUqyZ/x+bcxzDKWFRpLR+oFsR3xfaAq2pFAEFkOj8ChO8KbgUZ3gPbiWAgQWQ19o/uoNkvURhtLCJOkN2vf95jAVbEOtCCxmLnmr2918ESutGfji1ETjg211EwykQML7BBBYzIZCsmv8Lq3NAWayQikHu5Hysx2BxcyTpu7cTkepZ5nJCqUcTLzzsx2BxcwTLBjlYwgWkPLx4ooSBBYzT2jC/QWSdA8zWWGVg7dEM3MegcXMkFTXWJ/S+nZmssIpx5hXhzob2sNZPM+qEVjMfKEdGrJ4Mw4PU/CIDg8f/lcFAouZJ3RL6H2MvoaZrLDKwVosZs4jsJgZQqvcz5Mpy5nJCquct2jxaH1Yi+dYNwKLmSv0/sEZvM6LhynGmEvZzoZaHmqgwiOAwGI2DhBYfAxBYPHx4ooSBBYzTzCHxcoQ3BKysgNXWMzsUAob97GyBJPurOxAYDGzw3sPIZY1cDEFyxq4OPFfHbglZOYJFo4yMgQLRxmZ8Z4UBBYzS/BoDitD8GgOKzsQWMzsUKqpa/wJR5tvsxMWQkF4+Jmf6bjCYuYJ9nPnYwi2l+HjBZY18PPisiJs4MfJGOeOoUx9HydFYdeCKyxmIwBbJPMxZPr6xStPbVl5no8iKEFgMRwDWIvFwhSswWJhwwdFILAYmoLXfAVvCl7zFbwH11KAwGLoCybegzcFE+7Be4DA4unBVarwqvrgjcKr6oP3AIHF04NrqqJHdA7TzqO3WiRZjFR6JOdINtOwWUxBggrBLSFTM2ke61Ey53Gm8kTLovmrx7KZxBOii7S0OAQWU+M29E42xtzicTIIHlXRIworU9SRjSMda0ar2C26KpMA/jKUCSqIw/AgdADU8cBzANDL7xKBVT6rqh+J28KqI/c6fIT2cX86kJ7R6awEEFizIgruANwWVpe9dztY0E79aEf9ZHV7Rm/lEkBglUsqoOPoKmsPmfRQQN2HqlsKrL002b4zVEVbViwCi7lhqb7JjapQPEZT71HmUu2WZ1QxH4mmRtN1I3YXIls9AssCf1PdY7+iDwu/aIFUiyWaXw9lGr5kcQGhkI7AssDmZFfuNrrCeg1LHCpjljd35TjmtmPphtcr0wNa9YsAAssvkhVuB1dZlQOMB50rx9bvlhFYfhOtUHuNfWfXRouXjpFhSyvURTibNeqiE7n+psH08nPhBGBX1Qgsi/yifbIeJrlPWSTZBqlYd2WDS+9rRGBZZJYyxqGtZ/rItE/YJJurVmPUX7OZeJvS2uWqEbo+SACBZdmIaDw43hxzzGsk+zrLpHOT+24xolpP3JEY4iYMej6cAALLwtGBDf4Wbho26Fs4wyBaQGAFQd2HPvGp4fwh4lPB+bML+kwEVtAOzLP/9QPnltfMzNAmf+rmeTYRztOMOjYVKbWeTq+bDicAu6tGYFns36beXNIpmb9oreMWl1E96UZNKEe1D3Uk3qhep+jJTwIILD9pBtAWQqtM6BRWrjZ3DWcahss8A4cxJIDAYmjKXCV5oRVxTQ89b3jDXM8NxfEIKzE2I7CEWJk6lNuqSubPCK3/N9Sco0VWaVxZyRjoCCwZPl6uwnt8J1acOUCh1SiorIWUMlpyau48nr5xbCGN4Fw+BBBYfLzwRQktLF0d0+Yl2t2hzZcGLW2Eli4MuLXqU8dbE/+ytATIvgYBBJbAYZEYyF23bEa9ROZuF1heOSX9ccopfRZLF8pBZdcxCCy7/Cpf7YCJJWdyu5XR39FaRco/0d4j6dnAktHmx8O1iR+oVl2wtxIo/zACCCzhY6Pp4FiHo9Xz9IDvOsml0tuax5SOfj7bseaQ5DrDXhsCKwQjgCbjl0WL+R/SxppfJ8MdSSXTXBV9CGieLUZrd420r7ogqTbUcjUBBFaIRkVz79gWt6R/TreIWyWUTbeAf3Mi5kFsbSzBzfJqQGCVx0nOUbSnVqp7Yqc310PmL7exMLqquqC02Z1NJ57BXlY2Ojh/zQis+bOz+sxNA7kbnWn1GP3F/5pWerENxdA81TRp3VuqVT/CcgUbHPNfIwLLf6ZWtZg6eCZudOFbnIPrSlApN/aToW2rx60CDLG+EkBg+YrT3sa84FI6v5sWnD5IK+VrOFSCoOLgAi8NCCxefrBQk+rJbTPGPKCN/hwF2JKqijLq30ar39L6sX3ZzvgrVe0bnbEngMBib1FwAlsGTU3h/MStEVe10SS996iP96eJBo0v48Z7gSm152330k/h2F9yVH9sRf2RwRadD65q9MyZgC8Dj3OB0OYvgbW9by5eppykW1JJiq0kDaAk5VeckmcF9UTvTDRLaWJ8ldcr3dKdpd9N0bdTdNx5+sk4LZoa1kZl6efDFyOlY3h8xl9/pLeGwJLuMOoDAUEEEFiCzEQpICCdAAJLusOoDwQEEUBgCTITpYCAdAIILOkOoz4QEEQAgSXITJQCAtIJILCkO4z6QEAQAQSWIDNRCghIJ4DAku4w6gMBQQQQWILMRCkgIJ0AAku6w6gPBAQRQGAJMhOlgIB0Aggs6Q6jPhAQRACBJchMlAIC0gkgsKQ7jPpAQBABBJYgM1EKCEgngMCS7jDqAwFBBBBYgsxEKSAgnQACS7rDqA8EBBFAYAkyE6WAgHQCCCzpDqM+EBBEAIElyEyUAgLSCSCwpDuM+kBAEAEEliAzUQoISCeAwJLuMOoDAUEE/gOR+JPELLIGGQAAAABJRU5ErkJggg=='),
(19, '33', 34, 0, 'data:image/png;base64,iVBORw0KGgoAAAANSUhEUgAAASwAAACWCAYAAABkW7XSAAAMO0lEQVR4Xu2de6hlZRnGR1NrzGuGOYF1NM1JiZmyHEOTscsfFVFEWETQKQqNiBSCHBOKbmoE1h+iEtQJQooSLIko0oQszSxngmTMpNN1poslWo557XmHdaY9pzNzvn3Oujzvt34LXvY+M2t/3/P+nnWeWXvNuhywhgUCEIBAEgIHJNGJTAhAAAJrCCw2AghAIA0BAiuNVQiFAAQILLYBCEAgDQECK41VCIUABAgstgEIQCANAQIrjVUIhQAECCy2AQhAIA0BAiuNVQiFAAQILLYBCEAgDQECK41VCIUABAgstgEIQCANAQIrjVUIhQAECCy2AQhAIA0BAiuNVQiFAAQILLYBCEAgDQECK41VCIUABAgstgEIQCANAQIrjVUIhQAECCy2AQhAIA0BAiuNVQiFAAQILLYBCEAgDQECK41VCIUABAgstgEIQCANAQIrjVU2QtdKyamqU1Trm9d1ej1KdXhTxzRq79frQ009oNcdqu2LapdNZwixJ0Bg2Vs0uMBDpeCVqlc3tVGvB7ak6kmNs1X1g6Z+rNeHWxqbYSokQGBVaOoqWzpInz+jCafX6PVM1SGrHLP0449qxdua8LpJr3eonij9MOvVT4DAqt/j0g5foBXf0tQmvQ69bTwlDberrld9Q/X70kZYr14CQ2+U9ZLN09lJknqJ6p2qg01lPyZdX1VdobrHVCOyeiBAYPUA2XSKl0jXpao3q9o6JtV1q3HM6wbVZao7u56M8f0IEFh+nnSt6DhN8AXVeV1P1OH48XVxrtkz3NnhPAxtRoDAMjOkQzmxF/VB1SdUR3Q4T59DP9jsJV6l19j7YqmcAIFVucFNe8fr9TrV2ZW2e6v6eofqD5X2R1sNAQKr/k0hjlF9SXV05a3+U/29RxXHuFgqJUBgVWqs2jpM9TnV+fW2uGRn1+hPL1I9MrK+R9EugVWnzXGZzPdUcQLoGJc4f+t1qrgciKUiAgRWRWY2rcTxqu+oXlxfa1N19Eut/VrVX6f6FCtbEyCwrO2ZWlycBHqzKkKLZc2aewXhDap4ZamAAIFVgYlNC7FHFRcRH1tPS610EntYsacVe1wsyQkQWMkNbOSfqNcfqZ5bRzutd/FnjXiO6r7WR2bAXgkQWL3i7mSyCKkIqwgtln0TiLCKi7rjHl0sSQkQWEmNa2THDfPidiyn5W6jN/Vxu5q4ZU7cVJAlIQECK6FpE5K/rfdvzN1C7+q/pRnjZFqWhAQIrISmNZIv1OuVeeUPqjxOLP38oAqYfEUECKwVYRv8Q6dLQXwVdL1/1eCAlhEQ99c6S/Uzd6Ho25sAgZVvi3iOJP9U9fx80q0Uz0tN3BOMs+GtbNm/GAIrkVmN1Dm9viufbEvFX5GqWUtliFqSAIGVa8PYLLk/zCXZXu2rYGrv0R6BBFYer54uqdtU8TxAlvYIxD3iN6j+096QjNQVAQKrK7Ltj/txDfmx9odlRBHYorocEv4ECCx/j0Jh7FXF3lXsZbG0TyBOJI2Tb7ljaftsWx2RwGoVZ2eDzWlkDrR3hnf3wByA75ZvK6MTWK1g7HSQkzX63ap4IjNLdwQeb/ayft3dFIy8WgIE1moJdv/5uOXv2G5z3D3VpWe4Vn98wVCTM+/yBAis5RkNucY6TR53GVg7pIgRzb1LvcZNEON2NCyGBAgsQ1MmJF2s9/GUY5b+CHCdYX+sp56JwJoaWa8f2KrZ4hwhlv4IxP/GbuxvOmaahgCBNQ2tfteNX5q7+p2S2RoCcY1h/GPBYkaAwDIzZEJO3P7kQ77yqlZ2hbqLr+MsZgQILDNDJuTM6z13ZBjGn7hcZ/0wUzPr/ggQWJ7bx4xk/dZT2mhUnaBO4x8NFiMCBJaRGRNSZvX+y57SRqPq3ep0bjTdJmmUwPI0Kn5RuBRnWG+4VGdY/kvOTmD5mRKexFeR5/lJG5Wi36nbmVF1nKBZAsvPpOMkaYefrFEqiisNdo6yc9OmCSw/YzZLEncV9fDlXMm4xUMKKoIAgeW3HcTFt1f7yRqlIg68m9lOYJkZIjmcMOrjCSeQ+nixWwmBZWaI5NygepOfrFEq4inRZrYTWGaGSM7tqk1+skapKJ7/eOYoOzdtmsDyM2a7JPFkHA9fuETHw4c9KggsM0MkJ/4bPZ7uzDI8Ac7FGt6DvRQQWGaGSE48Ov1IP1mjVPQXdR3nxbGYECCwTIyYkPGI3vM4Lw9f4uGqz/CQgoogQGD5bQcElo8nBJaPF7uVEFhmhkgOx7B8POEroY8XBJaZFwty5vWGG/d5mMNBdw8f9qhgD8vMEMnhtAYfTzitwccL9rDMvFiQw4mjPsZw4qiPFwSWmRcLcrg0x8cYLs3x8YLAMvNiQc7levMRU21jk8XFz2aOcwzLzBDJmVVxP3cPX7i9jIcPHHQ382FSzmb9wA38PAx6hWTEMUUWEwLsYZkYMSGDWyT7eHK0pMSlUiwmBAgsEyMWyZjXz5yLNaw3nIM1LP8lZyewDE2RpDkVj/ka1hse8zUsfwLLkP++JM3qLzjwPqxhHHAflj+BZch/X5Jm9Bc8qn5Yw07Q9PHVnMWIAF8JjcxYJGWrft7gK69qZdvU3caqO0zaHIHla9zFknaZr7yqlW1Rd3ECL4sZAQLLzJAJOSfrfVx8i0f9evSUpnuh6jf9TstsJQT4ZSihNNw6XAjdP3sueO6fefGMBFYxqkFW5Gth/9gv0pTxMFsWQwIElqEpfC0czJT4OrhOFXcaZTEkQGAZmrJI0jX6+Xx/mVUovFZdXFBFJ5U2QWD5GxsHgH+lOshfamqFj0v9qap7U3dRuXgCK4fBX5PMt+WQmlbl16X87WnVj0Q4gZXD6JdJ5h0q/OrGrzh2FYx/0c3wjNoWAX4B2iLZ/TjsZXXHmAudu2Pb6sgEVqs4Ox3s+OZY1uGdzjK+wf+llmdU94+v9XwdE1i5PLtQcq/MJdleLedd2Vv0P4EEViKzJPVpqttUL88l21btz6Vsk+oJW4UI24sAgZVvgzhNkuMA/KH5pFspfrgJ/rutVCFmvwQIrJwbyKxkc4O/1XnHDfpWx2+QTxNYg2BvZVL+13DlGPlfwZWzG/STBNag+Fc1+VH69F2qmVWNMr4Px1fAOAYYXwlZkhEgsJIZtkjui/TzTaq4YJdleQI7tUo8a3B++VVZw5EAgeXoynSaCK0yXhFW56q2l63OWo4ECCxHV6bXFKF1q+pZ0390FJ8grCqxmcCqxEi1cbrq+4TW/xn6D/3JWexZ1bGhE1h1+LjQRVy+c7PqpLraWnE39+mTm1V/XPEIfNCKAIFlZUcrYo7VKDeqzmhltLyD3Cnpr1f9LW8LKF9MgMCqc5t4ZhNacZB5jMt31fRbVZy6UJn7BFZlhk60c7DeX6r6qCquQRzDEtcEfkb1SdVjY2h4bD0SWPU7frZavE4Vx7dqXv6k5s5T/aTmJsfeG4E1ji3gCLX5KdUHVAdW1vKT6udq1SWqByvrjXYWESCwxrVJvFTtflEVrzUscUvj96m4tXENbhb0QGAVQKpsldjDikdZxbGeI5P2FntScXzuKlXsYbGMhACBNRKjl2jz2fqzLar3q9YmwbBLOuPZgZ9W/T2JZmS2SIDAahFm0qHiwukPmwfXQlB9Vjp3JOWM7BYIEFgtQKxkiAiu+Jr1XtUhJj0RVCZGuMggsFyc8NJxjuTEHTnj5MvDepb2b833TdWc6pae52Y6cwIElrlBA8uLPa0NqrjMZ6FO0fu2tpt4gOk9qrhH/UJt0/tHB+6b6U0JtLXhmbaHrA4IxAH69Ysqvk7GHVDjmYlRxzTzxrP+HmrqAb3G8acIqLgnVbzG3T/jax8LBIoIEFhFmFgJAhBwIEBgObiABghAoIgAgVWEiZUgAAEHAgSWgwtogAAEiggQWEWYWAkCEHAgQGA5uIAGCECgiACBVYSJlSAAAQcCBJaDC2iAAASKCBBYRZhYCQIQcCBAYDm4gAYIQKCIAIFVhImVIAABBwIEloMLaIAABIoIEFhFmFgJAhBwIEBgObiABghAoIgAgVWEiZUgAAEHAgSWgwtogAAEiggQWEWYWAkCEHAgQGA5uIAGCECgiACBVYSJlSAAAQcCBJaDC2iAAASKCBBYRZhYCQIQcCBAYDm4gAYIQKCIAIFVhImVIAABBwIEloMLaIAABIoIEFhFmFgJAhBwIPBfkWQfpq8cdb8AAAAASUVORK5CYII='),
(20, '999', 23, 0, 'data:image/png;base64,iVBORw0KGgoAAAANSUhEUgAAASwAAACWCAYAAABkW7XSAAAPqklEQVR4Xu2deWwc1R3Hx+vd9XrXV2xPbO9hO7HjxM7hEAM5CDmIEydcDaWkKdAWAa3UVtDSIqHyR//oH0ioqkBFqFJLqnIUQWkgbSGJHSe4HCFBNY7tOoZkE+z1HnbW99pr7923VilHgrLXzLw372vJ8j/z3u/7+3yfv5qdfTOTJeAHBEAABBghkMWITsgEARAAAQGBhUUAAiDADAEEFjNWQSgIgAACC2sABECAGQIILGasglAQAAEEFtYACIAAMwQQWMxYBaEgAAIILKwBEAABZgggsJixCkJBAAQQWFgDIAACzBBAYDFjFYSCAAggsLAGQAAEmCGAwGLGKggFARBAYGENgAAIMEMAgcWMVRAKAiCAwMIaAAEQYIYAAosZqyAUBEAAgYU1AAIgwAwBBBYzVkEoCIAAAgtrAARAgBkCCCxmrIJQEAABBBbWAAiAADMEEFjMWAWhIAACCCysARAAAWYIILCYsYoOoS1Wa3GWRnNzjla7waDVrjZqtUvI3wJdVlaOLjtbq9Noso063cK68odCsVA0GglFIuFQLBaYD4en50Khi/5otDcYiZyMhcOtrU7nOB2dQQULBBBYLLikoMZtZnOpKSfnhwU63TdKcnNXlebmGjVZmVk20VhMGJ2b84/NzfVOB4NvzAaDBzrc7lEF20VpyglkZuVR3iTkJU5gW3W1wSAI38/X6/eVGAxNi3NzC7UaTeITpHFkOBoVvH7/5Oj8fOdMIPBqnsPx/GuCEExjSgxVGQEElsoMTbWdlqqq7Xl6/aNlublbyozGvKwMnUWlqidGzr5G/H4f+e2Ympt7ot3lOpXqXBinHgIILPV4mVInOysrd1SYTL9fUlCwLFumM6lkhUbImden09PnR3y+h8k1r6PJjsfx6iGAwFKPl0l1sru6+jtmk+k3lfn5lkxdk0pKQAoHx695OXw+l8vn+2Wrw/FiClNgCOMEEFiMG5is/B1W65rKgoI3lxQW2pIdS8vx8Y+LF6amzpPg+tZxp7OHFl3QIT0BBJb0jKmosE0QtMU1NX9dUVy8l2xDUIXvZJtE7OOJidfH7fb9HYIQpgI0REhKQBULV1JCKpj8Jqv1+uXFxW3kWlWhCtq5rAXP7OzUJ+Pju044nR+qsT/09DkBBJbKV8Ot1dVPrBHFx8hZlTx7ExTiSc62oj1e75NvDgw8rpAElJWBAAJLBshKlNixeHFZRUnJibqiogYl6itV8/zERN/Q/PzmjoGBSaU0oK50BBBY0rFVbOZms7lyeWlpX5nJlKeYCAULD8/O+s6Njq5qd7sdCspAaQkIILAkgKrklPHrVatKSv5VajSSDev8/pBbfub6hoevPT48fJZfCurrHIGlIk93VVXd1Fha2kpuq9GqqK2UW5mcnw/2jI3d0u5wtKc8CQZSRQCBRZUdqYvZWVV1xzpR/JtJp1P1xfVkCc2GQtEzXu++1sHBg8mOxfH0EUBg0edJ0op2Wq1b15aXH8/X6bKTHszBAF8oFPnI49l53OV6m4N2Vd0iAotxe8kF9mvWlJefLsrJ0THeiqTyJwOB0EeXLjV0OJ12SQthckkJILAkxSvt5DeWllass9kuksfAcH2BPVHKI7OzMz1ud927o6OeRMfgOLoIILDo8iMpNQ+sXOmpKigoT2oQ5wcPTk97DvT1mTnHwGz7CCxGrbuztvaNRlHcy6h8RWV3e72HDtrtdygqAsVTIoDASgmbsoPI9oV7NpaXv0ieXwX/UrCCPF8rdsrjuY88ouaFFIZjiIIEsOAVhJ9K6e2VlSubRPFMAfZapYLv/2OmAoFw9/BwDXbDp4VR9sEILNmRp1fwe/X19tqiopr0ZsHoOAH75OSFF/r7a0GDHQIILHa8Em6urv7phoqKpxmSTL1U8tHw54cHBp6iXigELhBAYDGyEG4oLc2/3mYbXWQw6BmRzITMCXL7zodDQ6Xvj476mBDMuUgEFiMLYN+yZR2rSku3MiKXKZm9Xu/R1+z2PUyJ5lQsAosB45tttpZNZvMR8n5A+CWBX4FIJPaB270BTyyVAG6Gp8Q/QIaBSjEdLrRLQfXLc+ICvPSMM1EBgZUJihLO0VxZ2XyD2dyWrfSbTSXskYapI+RVPCddrt3HhobaaNADDVcmgMCifGXcW1/fx9tjjpWy5Nzk5NmX+vtXKlUfda9OAIF1dUaKHbHdYmncbLF06bKz4ZMMLoTi17KcziaymbRLhnIokQIB/COkAE2uIXfV1h5ZLYq75aqHOoKA+wzpXgUILIr9eaixcU7k/Nnsctvj9fvnn+nuzpW7LuolRgCBlRgn2Y/aZbN9e7PV+orshVFQeM/p3N82NPQqUNBHAIFFnycLiu5evryLvFZ+LaXyVC3r7NjYqVfOnduo6iYZbQ6BRalxv2hqChfq9XhGuwL+xG/XeaqrK0eB0ih5FQIILAqXCNl7tXmLxfIuhdK4kfSOy3UjeT3Ye9w0zEijCCwKjdq7dOlz68rKHqBQGjeSPhoZOXDo4sUHuWmYkUYRWBQahVtxlDcFt+oo78GVFCCw6PMl69GmpiCeKKqsMVPBYOS3nZ14g7ayNlxWHYFFmSHNVuvqLTZbD2WyuJTzztDQmnans5fL5iltGoFFmTG3VFf/bH1FBZ6ASYEvpz2eR94aGMATXinw4jMJCCyKzIhL+WZt7V/WiuLdlMniUg4uvNNnOwKLMk+wYZQeQ7CBlB4vcIZFnxcLiu4nb3OuxtucqXBnYHp6+E99fRVUiIGIBQI4w6JsIfxkzRpfmcmUR5ksLuWMzM7OPNvTk89l85Q2jcCizJhHrrkmgDfj0GEKbtGhw4cvqkBgUebJY01NEZNer6FMFpdysBeLPtsRWJR58vh118UMWuxXpMGW2WAw+mRnJ25Ap8GM/2lAYFFkRlzKr9avj5HXeVGmik854WhU+PXp0/gfoch+mEGRGQgsusxAYNHlB74lpM8PAdew6DEFHwnp8eIzJTjDoswTPLiPHkNw0Z0eLxBY9HmxoAjbGugxBtsa6PECgUWfFwuKsHGUHmOwcZQeLxBY9HmxoAi35tBjDG7NoccLBBZ9Xiwo2l9X90FDSckGSuVxJQs3P9NnNy66U+YJnudOjyF4vAw9XuAMiz4vFhThAX70GHPS7X7w6ODgAXoUQQnOsChbA3hEMj2GdAwMVJ/weAbpUQQlCCwK1wD2YilvCvZgKe/BlRQgsCj0Ba/5Ut4UvOZLeQ8QWHR6cJkqXHhX3ihccFfeAwQWnR5cpgqvqlfeKLyqXnkPEFh0enBFVQ81Ns6JRqOBIcmqker1++ef6e7OVU1DKmoE17AoNfOu2tojq0VxN6XyVC2r1+s9+prdvkfVTTLaHAKLUuPIx8LmLWZzm5CVBY/k9CgWi73n8TS3DQ6ekLMsaiVGAP8MiXFS5CjcCC0/dtzwLD/zZCoisJKhJfOx+FgoM3BSrtvrPXTQbr9D/sqomAgBBFYilBQ6Bh8LZQZPPg6+7Xavftvh6JO5MsolSACBlSAopQ67t76+r66oqEGp+jzVPTc5efal/v6VPPXMWq8ILMod22mz7dpksRzNxsV3SZ2KkLOr993uXe0OR7ukhTB5WgQQWGnhk2fwfQ0Ng0sLCyvlqcZnlYtTU44/nz1bxWf37HSNwGLAq5bKyu/eYDY/jy0OEpkVP7vyeO5tHRx8WaIKmDZDBBBYGQIp9TQ4y5KOMG50lo5tpmdGYGWaqETz3WS1Xr/RbD6Vk50NzzLIOBCJxK9d1XU4nfYMToupJCKAxS8RWCmmvbO29o1GUdwrxdy8zol9V2w5j8BiyK8mQdBtbGycWGw0mhiSTa1UcpPz7Mnu7kWdghCiViSEfYkAAouxBUG2Ody+vqLikB4fDdNyLkg+Cn44PHx7m8PxZloTYbCsBBBYsuLOTDE84C99jnhAX/oMlZgBgaUE9QzUxLeGqUPEt4Kps1N6JAJLaQdSrN9sNlc2lpdfKMzJ0aY4BZfDxubmAv/xei3HXa4xLgEw3jQCi2EDm6uqblknin/P0+myGW5DNukzoVCk69KlrcccjvdlK4pCGSWAwMooTvknQ2glxjweVmeGh29rczqPJDYCR9FIAIFFoytJaoqH1nWi+I9cnU6T5FAuDkdYqcdmBJZKvNxVVXVPkyi+gND6sqFzoVC0c3j4VpxZqWOhI7DU4eNCF/Hbd9aK4rtFBoNeRW2l3MpkIBAiL5TYdGxo6N8pT4KBVBFAYFFlR/pidpSXN6xYvPh0mcmUl/5s7M5wiexiJ98GXtvhdn/MbhdQ/lUCCCwVrokby8vFBlH8xJKXt0iF7V21JYfP5/10YqIeWxeuioq5AxBYzFmWmODbzGajyWQ6vKKkZKuGkzeFRWMxoX98/B3/zMyef7rd/sRI4SiWCCCwWHIrBa17qqt/tKqk5Hf5er2qN5j6gsEI+Qj44yMOxx9SwIQhjBBAYDFiVDoyycV4S4XJ9NayRYsa1Xa2FT+rOj852eshZ1UnnE5XOpwwln4CCCz6PcqYwpaqqruXFRX9kTyexpixSRWciFxY95Ow+gEebaygCTKXRmDJDFzpctsEQVtcU/PSiuLifQatlkn/58Ph2McTE6+P2+37OwQhrDRT1JePAJMLVj486q20w2KpK8vLe7mmsLBJl83GrYihSES4MD3dNeLz7SffAJ5Trzvo7OsIILA4Xxs7LZa1Yl7eczQH12dB5fX57j/mcp3h3DKu20dgcW3/583Hg6ssP/9F8v7DVVoNHbckIqiwOL9KAIGFNXEZgT1LljwkGgwP2/Lza+R+S0/80cVk4+cF8tyqZ98aGHga9oDAFwkgsLAevpbANlHMM5hMd+ZqtTcX6PVNi3JybORXn5Whjajk/aXCRCAQJL9D08Fg51w4fHh+dvZgh9c7A1tA4EoEEFhYF0kRaLFai7O02hbyEoxNRo1mNXk6xFLybWOBLisrh1y81+o0mmyjTrewrvyhUCwUjUbIR7twKBYLkG/3pv3h8Kfkb28gHD4Vi0YPtzqd40kJwMFcE0BgcW0/mgcBtgggsNjyC2pBgGsCCCyu7UfzIMAWAQQWW35BLQhwTQCBxbX9aB4E2CKAwGLLL6gFAa4JILC4th/NgwBbBBBYbPkFtSDANQEEFtf2o3kQYIsAAostv6AWBLgmgMDi2n40DwJsEUBgseUX1IIA1wQQWFzbj+ZBgC0CCCy2/IJaEOCaAAKLa/vRPAiwRQCBxZZfUAsCXBNAYHFtP5oHAbYIILDY8gtqQYBrAggsru1H8yDAFgEEFlt+QS0IcE0AgcW1/WgeBNgigMBiyy+oBQGuCSCwuLYfzYMAWwQQWGz5BbUgwDUBBBbX9qN5EGCLwH8BM8Fi0wt13RIAAAAASUVORK5CYII='),
(21, '95', 30, 0, 'data:image/png;base64,iVBORw0KGgoAAAANSUhEUgAAASwAAACWCAYAAABkW7XSAAAMO0lEQVR4Xu2de6hlZRnGR1NrzGuGOYF1NM1JiZmyHEOTscsfFVFEWETQKQqNiBSCHBOKbmoE1h+iEtQJQooSLIko0oQszSxngmTMpNN1poslWo557XmHdaY9pzNzvn3Oujzvt34LXvY+M2t/3/P+nnWeWXvNuhywhgUCEIBAEgIHJNGJTAhAAAJrCCw2AghAIA0BAiuNVQiFAAQILLYBCEAgDQECK41VCIUABAgstgEIQCANAQIrjVUIhQAECCy2AQhAIA0BAiuNVQiFAAQILLYBCEAgDQECK41VCIUABAgstgEIQCANAQIrjVUIhQAECCy2AQhAIA0BAiuNVQiFAAQILLYBCEAgDQECK41VCIUABAgstgEIQCANAQIrjVUIhQAECCy2AQhAIA0BAiuNVQiFAAQILLYBCEAgDQECK41VCIUABAgstgEIQCANAQIrjVU2QtdKyamqU1Trm9d1ej1KdXhTxzRq79frQ009oNcdqu2LapdNZwixJ0Bg2Vs0uMBDpeCVqlc3tVGvB7ak6kmNs1X1g6Z+rNeHWxqbYSokQGBVaOoqWzpInz+jCafX6PVM1SGrHLP0449qxdua8LpJr3eonij9MOvVT4DAqt/j0g5foBXf0tQmvQ69bTwlDberrld9Q/X70kZYr14CQ2+U9ZLN09lJknqJ6p2qg01lPyZdX1VdobrHVCOyeiBAYPUA2XSKl0jXpao3q9o6JtV1q3HM6wbVZao7u56M8f0IEFh+nnSt6DhN8AXVeV1P1OH48XVxrtkz3NnhPAxtRoDAMjOkQzmxF/VB1SdUR3Q4T59DP9jsJV6l19j7YqmcAIFVucFNe8fr9TrV2ZW2e6v6eofqD5X2R1sNAQKr/k0hjlF9SXV05a3+U/29RxXHuFgqJUBgVWqs2jpM9TnV+fW2uGRn1+hPL1I9MrK+R9EugVWnzXGZzPdUcQLoGJc4f+t1qrgciKUiAgRWRWY2rcTxqu+oXlxfa1N19Eut/VrVX6f6FCtbEyCwrO2ZWlycBHqzKkKLZc2aewXhDap4ZamAAIFVgYlNC7FHFRcRH1tPS610EntYsacVe1wsyQkQWMkNbOSfqNcfqZ5bRzutd/FnjXiO6r7WR2bAXgkQWL3i7mSyCKkIqwgtln0TiLCKi7rjHl0sSQkQWEmNa2THDfPidiyn5W6jN/Vxu5q4ZU7cVJAlIQECK6FpE5K/rfdvzN1C7+q/pRnjZFqWhAQIrISmNZIv1OuVeeUPqjxOLP38oAqYfEUECKwVYRv8Q6dLQXwVdL1/1eCAlhEQ99c6S/Uzd6Ho25sAgZVvi3iOJP9U9fx80q0Uz0tN3BOMs+GtbNm/GAIrkVmN1Dm9viufbEvFX5GqWUtliFqSAIGVa8PYLLk/zCXZXu2rYGrv0R6BBFYer54uqdtU8TxAlvYIxD3iN6j+096QjNQVAQKrK7Ltj/txDfmx9odlRBHYorocEv4ECCx/j0Jh7FXF3lXsZbG0TyBOJI2Tb7ljaftsWx2RwGoVZ2eDzWlkDrR3hnf3wByA75ZvK6MTWK1g7HSQkzX63ap4IjNLdwQeb/ayft3dFIy8WgIE1moJdv/5uOXv2G5z3D3VpWe4Vn98wVCTM+/yBAis5RkNucY6TR53GVg7pIgRzb1LvcZNEON2NCyGBAgsQ1MmJF2s9/GUY5b+CHCdYX+sp56JwJoaWa8f2KrZ4hwhlv4IxP/GbuxvOmaahgCBNQ2tfteNX5q7+p2S2RoCcY1h/GPBYkaAwDIzZEJO3P7kQ77yqlZ2hbqLr+MsZgQILDNDJuTM6z13ZBjGn7hcZ/0wUzPr/ggQWJ7bx4xk/dZT2mhUnaBO4x8NFiMCBJaRGRNSZvX+y57SRqPq3ep0bjTdJmmUwPI0Kn5RuBRnWG+4VGdY/kvOTmD5mRKexFeR5/lJG5Wi36nbmVF1nKBZAsvPpOMkaYefrFEqiisNdo6yc9OmCSw/YzZLEncV9fDlXMm4xUMKKoIAgeW3HcTFt1f7yRqlIg68m9lOYJkZIjmcMOrjCSeQ+nixWwmBZWaI5NygepOfrFEq4inRZrYTWGaGSM7tqk1+skapKJ7/eOYoOzdtmsDyM2a7JPFkHA9fuETHw4c9KggsM0MkJ/4bPZ7uzDI8Ac7FGt6DvRQQWGaGSE48Ov1IP1mjVPQXdR3nxbGYECCwTIyYkPGI3vM4Lw9f4uGqz/CQgoogQGD5bQcElo8nBJaPF7uVEFhmhkgOx7B8POEroY8XBJaZFwty5vWGG/d5mMNBdw8f9qhgD8vMEMnhtAYfTzitwccL9rDMvFiQw4mjPsZw4qiPFwSWmRcLcrg0x8cYLs3x8YLAMvNiQc7levMRU21jk8XFz2aOcwzLzBDJmVVxP3cPX7i9jIcPHHQ382FSzmb9wA38PAx6hWTEMUUWEwLsYZkYMSGDWyT7eHK0pMSlUiwmBAgsEyMWyZjXz5yLNaw3nIM1LP8lZyewDE2RpDkVj/ka1hse8zUsfwLLkP++JM3qLzjwPqxhHHAflj+BZch/X5Jm9Bc8qn5Yw07Q9PHVnMWIAF8JjcxYJGWrft7gK69qZdvU3caqO0zaHIHla9zFknaZr7yqlW1Rd3ECL4sZAQLLzJAJOSfrfVx8i0f9evSUpnuh6jf9TstsJQT4ZSihNNw6XAjdP3sueO6fefGMBFYxqkFW5Gth/9gv0pTxMFsWQwIElqEpfC0czJT4OrhOFXcaZTEkQGAZmrJI0jX6+Xx/mVUovFZdXFBFJ5U2QWD5GxsHgH+lOshfamqFj0v9qap7U3dRuXgCK4fBX5PMt+WQmlbl16X87WnVj0Q4gZXD6JdJ5h0q/OrGrzh2FYx/0c3wjNoWAX4B2iLZ/TjsZXXHmAudu2Pb6sgEVqs4Ox3s+OZY1uGdzjK+wf+llmdU94+v9XwdE1i5PLtQcq/MJdleLedd2Vv0P4EEViKzJPVpqttUL88l21btz6Vsk+oJW4UI24sAgZVvgzhNkuMA/KH5pFspfrgJ/rutVCFmvwQIrJwbyKxkc4O/1XnHDfpWx2+QTxNYg2BvZVL+13DlGPlfwZWzG/STBNag+Fc1+VH69F2qmVWNMr4Px1fAOAYYXwlZkhEgsJIZtkjui/TzTaq4YJdleQI7tUo8a3B++VVZw5EAgeXoynSaCK0yXhFW56q2l63OWo4ECCxHV6bXFKF1q+pZ0390FJ8grCqxmcCqxEi1cbrq+4TW/xn6D/3JWexZ1bGhE1h1+LjQRVy+c7PqpLraWnE39+mTm1V/XPEIfNCKAIFlZUcrYo7VKDeqzmhltLyD3Cnpr1f9LW8LKF9MgMCqc5t4ZhNacZB5jMt31fRbVZy6UJn7BFZlhk60c7DeX6r6qCquQRzDEtcEfkb1SdVjY2h4bD0SWPU7frZavE4Vx7dqXv6k5s5T/aTmJsfeG4E1ji3gCLX5KdUHVAdW1vKT6udq1SWqByvrjXYWESCwxrVJvFTtflEVrzUscUvj96m4tXENbhb0QGAVQKpsldjDikdZxbGeI5P2FntScXzuKlXsYbGMhACBNRKjl2jz2fqzLar3q9YmwbBLOuPZgZ9W/T2JZmS2SIDAahFm0qHiwukPmwfXQlB9Vjp3JOWM7BYIEFgtQKxkiAiu+Jr1XtUhJj0RVCZGuMggsFyc8NJxjuTEHTnj5MvDepb2b833TdWc6pae52Y6cwIElrlBA8uLPa0NqrjMZ6FO0fu2tpt4gOk9qrhH/UJt0/tHB+6b6U0JtLXhmbaHrA4IxAH69Ysqvk7GHVDjmYlRxzTzxrP+HmrqAb3G8acIqLgnVbzG3T/jax8LBIoIEFhFmFgJAhBwIEBgObiABghAoIgAgVWEiZUgAAEHAgSWgwtogAAEiggQWEWYWAkCEHAgQGA5uIAGCECgiACBVYSJlSAAAQcCBJaDC2iAAASKCBBYRZhYCQIQcCBAYDm4gAYIQKCIAIFVhImVIAABBwIEloMLaIAABIoIEFhFmFgJAhBwIEBgObiABghAoIgAgVWEiZUgAAEHAgSWgwtogAAEiggQWEWYWAkCEHAgQGA5uIAGCECgiACBVYSJlSAAAQcCBJaDC2iAAASKCBBYRZhYCQIQcCBAYDm4gAYIQKCIAIFVhImVIAABBwIEloMLaIAABIoIEFhFmFgJAhBwIPBfkWQfpq8cdb8AAAAASUVORK5CYII=');
INSERT INTO `project` (`id`, `name_project`, `user_id`, `count_task`, `type`) VALUES
(23, '789999', 30, 0, 'data:image/png;base64,iVBORw0KGgoAAAANSUhEUgAAASwAAACWCAYAAABkW7XSAAAOc0lEQVR4Xu2de4xcZRnGZ87Mtizt0gKKrQEBAan1QqG4UBQp6YZltjuBoEVNTISEpBgisqU3sIkbL9BulxZMCDQxoSYmaKpJsbuzXSzSPyCtBaRgAq2AghGpaGtlt7SwO+f4TC+Gm3Q6O5f3Pec3STOT3XO+73l/z7dPzznzne+kU7wgAAEIOCGQdqITmRCAAARSBBaDAAIQcEOAwHJjFUIhAAECizEAAQi4IUBgubEKoRCAAIHFGIAABNwQILDcWIVQCECAwGIMQAACbggQWG6sQigEIEBgMQYgAAE3BAgsN1YhFAIQILAYAxCAgBsCBJYbqxAKAQgQWIwBCEDADQECy41VCIUABAgsxgAEIOCGAIHlxiqEQgACBBZjAAIQcEOAwHJjFUIhAAECizEAAQi4IUBgubEKoRCAAIHFGIAABNwQILDcWIVQCECAwGIMQAACbggQWG6ssiF01axZzeFJJ02P0ulzU1E0TarO1b+pGkiT9d6in7fo88kltVEqtTsdRUP6OKTPe/X+mn63Q/vt0M93pPfu3bFgy5b9NipDhQcCBJYHlxqocU0+f/xQGF6aSqfnKHTmSMoMDZqgGpLUXqh2tqfDcJPeN7VkMo/P37DhzWq0TRvxJEBgxdPXiqvqnj072zJhQquSZI4GR5uOmC7W+7iKGzyGHRVgb2vzLepvkz4/cnpz87Zr160rHkMTbBpzAgRWzA0ut7yeXO6sdCZzjQbENTplu0hHVI0dG5Fe6fRWnTr+ejQI1i3dsOGv5dbCdvEl0NhBGV+ubipb1d5+drGp6XYFwzcVUk0mhUfRiMLr5+Ho6IolGzfuNKkRUXUhQGDVBbO9Tu7K5c6PgmCZguDqal2TqnWVpWteCtb1xSi6c0mh8GSt+6N9ewQILHue1FRRT0fHFJ3t3aN/19a0o1o2fuh0cW0UhrcvLhR21bIr2rZFgMCy5UfN1HTrm72JnZ3f0fWpH+jU74SadVTPhqPoDXW3bLi//17VV/rGkVfMCRBYMTe4VN6KXO7UTCbzoD5+KablPlYsFr+xZGDgbzGtj7IOEyCwYj4UVnZ0XKUjqgd0CnhinEvVSeK/dfR4/aJC4aE415n02gismI6Ae2fPnvjmhAm9Cqr5MS3x/5V1//DwcFf35s0HElZ3IsolsGJo8/K2tknZ8eMf1pFVawzLK6ekraMHDly5dNOm/5SzMdv4IUBg+fGqLKUHr1cFQUFh9bmydojpRpoC8ez4YrHt5oGBf8a0xESWRWDFyPbSbPUgk3lUJZ0Wo7IqLkWh9UJmZKRjweDgixU3wo6mCBBYpuyoXMzKuXM/q6OqR2ToKZW3Er89FVqvZ8KwbUGh8Mf4VZe8igisGHi+Mp8/U9+QPSYzPx6DcqpegkLr79kourSrv//PVW+cButKgMCqK+7qd7a6vX1qMZt9TEdXn6x+6/FpUdMeXsqMjrbq9HBPfKpKXiUElmPPS1MX9k+cuFUlfMZxGfWTHkXbmvftm3PT5s3D9euUnqpJgMCqJs06t7Wys/M3MjBf525dd6cjrYcW9fdf7bqIBIsnsJyar4vst2hS6Gqn8hsqW6HVpdC6u6Ei6LwiAgRWRdgau1NPPn9BEIZbza5f1Vg8R+9d62tpiZpLWKLm6KisbUFgWXPkKHpWXnHFKemmpm0Kq9OdSbclN4peHn3rrRnMhrdly9HUEFhHI2Ts971z565VWH3LmCyfcqLoZwv7+6/zKT6ZqgksR76vyucvC6NosyPJ5qVqjtbli/r6YGreqUMCCSwnRnXPmzduwv79z8qw0nMAeVWJgAJr577m5s93r1tXemIPL+MECCzjBh2RpykM3TLr+07k+pIZhrctLBSW+xKdTLUElgPf7+ro+JTWMH9W167GO5DrTqKOsobCYnE6K5bat47Asu9RigvtdTCJC/B1gDz2LgissTOsaQsHnxuYzT6vSaLZmnaU8MY1mXRUR7HTF/f1vZBwFKbLJ7BM25NKaUb7/Qlc5rghrii01mgG/I0N6ZxOyyJAYJWFqTEblZ4hGARBaUmU5sYoSFyv+7Xg31ldg4OvJa5yJwUTWIaN6u3oWJoKgjsNS4ydNO4ztG0pgWXYn97Ozu2Sd55hiXGU9szCvr4ZcSwsDjURWEZd1OngDJ0OPm1UXqxlhWF4/uJCofSfBS9jBAgsY4YckaOjq9LyJ981Ki/WsnRauEIX35fGukinxRFYRo3T3KuXWZGhMeaUbtfR/YXTGtM7vX4YAQLL4PhYfeWVZ2ju1V8MSkuMJK3/fmbXxo0vJ6ZgJ4USWAaN0q0410VB8IBBaYmRlA7D628tFNYmpmAnhRJYBo3iVhwDpnCrjgET3i+BwDJoi1ZmeEXGfMKgtORIiqJXtLjfGckp2EelBJYxnw7PbmemtQFfNL1hqqY37DIgBQmHCRBYxoaCjq5my5RHjclKpBxWI7VnO4FlzBPNvyrdfHufMVmJlMOFd3u2E1jGPGHCqB1DmEBqx4sjSggsY55oOZn1Wk7mKmOyEimHp0Tbs53AMuaJAmurAusiY7ISKUeB9XvdonNxIos3WjSBZcwYXXTfwZNxbJjCLTo2fHinCgLLmCe6hlX6Gv1jxmQlUw5zscz5TmAZs0SnhHt1SjjJmKykyvmH1saaktTiLdZNYBlzRbflHOBxXkZMiaK3NNv9OCNqkCECBJaxYUBgGTKEwDJkxiEpBJYxS7iGZcoQTglN2UFgGbMjVXpoKgv3WXGFi+5WnPifDo6wjFnCtAY7hjCtwY4XR5QQWMY8YeKoHUOYOGrHCwLLnhcHFXFrjh1juDXHjhcElj0vjgTWcs3DWmJUXqJkcfOzPbs5JTTmCeu52zGE5WXseMERlj0vDh1hsYCfGWfSxeKsWwcGtpoRhBDmYVkbAyyRbMeRTDZ7Ytf69XvtKEIJp4QGxwBzsQyYwhwsAya8XwKBZdAWHvNlwBQe82XABALLpAnvFcWF98bbxAX3xnvwQQo4wjLoC4+qb7wpPKq+8R4QWDY9+EBVugl6u35xniPJcZL6jNbBmhGnguJSC0dYRp3s7ehYmgqCO43Ki7esMLxtYaGwPN5F+qyOwDLq26r29rPDbPZPWswPj+rpkaa364nP5yweGHipnt3SV3kE+GMoj1NDtuJG6Ppj54bn+jM/lh4JrGOhVedtOS2sM3B1p8Dq0qO97q5/z/RYDgECqxxKDdqG08I6g1daRSMjUxY9/PDrde6Z7sokQGCVCapRm+m08H5dxprfqP6T1K/iao2Orm5MUs3eaiWwjDvW09l5TjqKnlNoZY1LdS1PYTWquVefXjA4+KLrQmIunsByYLDmZP1CMr/mQKpnib/U3Kuvey4gCdoJLAcu697CmZL5BFMcamSWDq90K85MLSXzdI16oNkqESCwqgSy1s1wlFVDwtzoXEO41W2awKouz5q1tiKXOzXIZJ6TYS016ySZDQ8HIyOn69rVnmSW76tqAsuRX/rG8BZdfF/tSLJ5qcy7Mm/RuwQSWI786k6lgomdnaUle7/gSLZdqVH01HB/f6u4hnZFouydBAgsZ+OhN5ebHmUyT8i4451JNyVXD0l9M4yiC5f09z9vShhiPpQAgeVwgLDA39hNY4G+sTNsRAsEViOoV6FPvjUcA0S+FRwDvMbuSmA1ln/FvS9va5uUHT9+u+ZmnVFxI0ncUXcNBHv2XLhgy5b9SSzfe80ElmMHe/P5aakw/J1Ca6rjMuomXd8I7tJtThdrcb5X6tYpHVWVAIFVVZz1b4zQKo95KazCYnH2ko0bd5a3B1tZJEBgWXTlGDUdDq3HdaR10jHumojNCav42ExgxcTLnnz+giAMf0tovcfQKNpTLBYv4cgqHgOdwIqHjwerKN2+k8lkHtXHs2NUVsWl6MjqpUw6fdmCvr5XK26EHU0RILBM2TF2MT/J5T76dhD06Uirdeyt+W1BYfVkOghyCzds+JffKlD+XgIEVgzHxJp8/vihMCyF1uUxLK+ckgaC3bu/wtSFclD52obA8uVX2WrXzJzZNDRlyjKF1ve0U6bsHX1vWNSR1R0n7Nr1w/lPPTXiuxTUfxABAivm46Inl/uilqV5UGWeFutSo+jVKJ2et6ivb0us60x4cQRWAgaArmudoOtaP9If9E0yPIhTybqJOVRN940rFm+/eWDgjTjVRi3vJ0BgJWhU3JXLnR9mMj+V6RfEoWyF1R+CYvEGljaOg5vl1UBglccpNlt1l9bUmjv3Rv2x36HFACe5LCyKSkdSy7SW1b2qh7WsXJpYmWgCqzJu7vfS7PiP6AL1bRoA31YxzU4K2l96dqCmK/yY6QpOHKuyTAKrykC9Nbe6vX3qaFPTQuPBdTCosqOjPV2Dg695Y4ze6hEgsKrH0nVLpeAqZrPLdGH+Bg2KcUaKIaiMGGFFBoFlxQlDOno7Or6s+VvX699XJWtiPaXpSGqfBuWvFJxrNUVhcz37pi/7BAgs+x41TGH3vHnjJh44cJ7WkGrVle1WDZbWVBSdW7UHuiqd1NZOfQGwTXMttimktg0fd9wz3evWvd2wounYNAECy7Q99sStmjWrOZo8eZrCZZrCZprCZppUTtVAmqz3Fv28RZ9PLinX73Yr7Ib0cUif9+q9dP1pp/bboZ/v1Mqfz3H7jD2PLSsisCy7gzYIQOBdBAgsBgQEIOCGAIHlxiqEQgACBBZjAAIQcEOAwHJjFUIhAAECizEAAQi4IUBgubEKoRCAAIHFGIAABNwQILDcWIVQCECAwGIMQAACbggQWG6sQigEIEBgMQYgAAE3BAgsN1YhFAIQILAYAxCAgBsCBJYbqxAKAQgQWIwBCEDADQECy41VCIUABAgsxgAEIOCGAIHlxiqEQgACBBZjAAIQcEOAwHJjFUIhAAECizEAAQi4IUBgubEKoRCAAIHFGIAABNwQILDcWIVQCEDgv7MXzsQFWBAXAAAAAElFTkSuQmCC');

-- --------------------------------------------------------

--
-- Структура таблицы `task`
--

CREATE TABLE `task` (
  `id` int(11) NOT NULL,
  `name_task` varchar(55) NOT NULL,
  `project_id` int(11) NOT NULL,
  `user_id` int(11) NOT NULL,
  `priority_id` tinyint(1) NOT NULL,
  `status` varchar(55) NOT NULL DEFAULT 'Not done',
  `date` varchar(55) NOT NULL
) ENGINE=InnoDB DEFAULT CHARSET=utf8;

--
-- Дамп данных таблицы `task`
--

INSERT INTO `task` (`id`, `name_task`, `project_id`, `user_id`, `priority_id`, `status`, `date`) VALUES
(189, 'hjmjh', 7, 30, 3, 'Done', '24.01.2018'),
(191, 'new task ', 4, 30, 1, 'Done', '24.01.2018'),
(192, '9999', 5, 30, 2, 'Done', '24.01.2018'),
(193, 'asd', 7, 30, 3, 'Done', '24.01.2018'),
(195, 'asd', 9, 30, 3, 'Done', '24.01.2018'),
(200, 'qwe', 23, 30, 3, 'Not done', '24.01.2018'),
(201, '132', 8, 30, 3, 'Done', '24.01.2018'),
(202, '98', 7, 30, 3, 'Done', '24.01.2018'),
(203, '68464', 5, 30, 3, 'Done', '24.01.2018'),
(204, '9788888888888888', 18, 30, 3, 'Done', '26.01.2018'),
(205, '798987879879', 18, 30, 3, 'Not done', '26.01.2018'),
(206, '789897987987987', 18, 30, 3, 'Not done', '26.01.2018'),
(208, 'ghj', 4, 30, 3, 'Done', '25.01.2018'),
(210, 'grgerger', 8, 30, 3, 'Not done', '31.01.2018'),
(212, 'new task ', 16, 30, 3, 'Done', '24.01.2018'),
(213, 'new task ', 17, 30, 2, 'Done', '27.01.2018'),
(214, 'gdfgdfg', 2, 34, 0, 'Not done', '20.01.2018'),
(215, 'gdfgdfg', 2, 34, 1, 'Not done', '20.01.2018'),
(217, 'kukyukyuky', 21, 30, 1, 'Not done', '12.01.2018'),
(218, 'lol2', 16, 30, 3, 'Not done', '23.01.2018'),
(219, '123', 17, 30, 2, 'Not done', '23.01.2018'),
(221, '333', 19, 30, 3, 'Not done', '24.01.2018'),
(223, 'new task ', 9, 30, 3, 'Not done', '26.01.2018'),
(224, '95', 9, 30, 3, 'Not done', '26.01.2018'),
(225, 'new task ', 17, 30, 3, 'Not done', '24.01.2018'),
(226, '123', 9, 30, 2, 'Not done', '25.01.2018'),
(227, 'new task ', 9, 30, 3, 'Not done', '26.01.2018'),
(228, 'p[\'', 8, 30, 2, 'Not done', '25.01.2018'),
(230, '777', 18, 30, 3, 'Not done', '25.01.2018'),
(231, 'new task ', 9, 30, 3, 'Not done', '16.01.2018'),
(232, 'old task', 19, 30, 2, 'Not done', '16.01.2018'),
(233, '123', 2, 30, 2, 'Done', '24.01.2018'),
(234, '111', 21, 30, 1, 'Not done', '25.01.2018');

-- --------------------------------------------------------

--
-- Структура таблицы `user`
--

CREATE TABLE `user` (
  `id` int(11) NOT NULL,
  `login` varchar(255) NOT NULL,
  `password` varchar(255) NOT NULL
) ENGINE=InnoDB DEFAULT CHARSET=utf8;

--
-- Дамп данных таблицы `user`
--

INSERT INTO `user` (`id`, `login`, `password`) VALUES
(23, 'admin', '1111'),
(30, 'alex', '123'),
(34, 'vex', '123');

--
-- Индексы сохранённых таблиц
--

--
-- Индексы таблицы `archive`
--
ALTER TABLE `archive`
  ADD PRIMARY KEY (`id`),
  ADD KEY `user_id` (`user_id`),
  ADD KEY `project_id` (`project_id`);

--
-- Индексы таблицы `priority`
--
ALTER TABLE `priority`
  ADD PRIMARY KEY (`id`);

--
-- Индексы таблицы `project`
--
ALTER TABLE `project`
  ADD PRIMARY KEY (`id`),
  ADD KEY `user_id_2` (`user_id`),
  ADD KEY `user_id` (`user_id`);

--
-- Индексы таблицы `task`
--
ALTER TABLE `task`
  ADD PRIMARY KEY (`id`),
  ADD KEY `user_id` (`user_id`),
  ADD KEY `project_id` (`project_id`),
  ADD KEY `priority_id` (`priority_id`);

--
-- Индексы таблицы `user`
--
ALTER TABLE `user`
  ADD PRIMARY KEY (`id`),
  ADD UNIQUE KEY `login` (`login`),
  ADD KEY `id` (`id`);

--
-- AUTO_INCREMENT для сохранённых таблиц
--

--
-- AUTO_INCREMENT для таблицы `archive`
--
ALTER TABLE `archive`
  MODIFY `id` int(11) NOT NULL AUTO_INCREMENT;
--
-- AUTO_INCREMENT для таблицы `priority`
--
ALTER TABLE `priority`
  MODIFY `id` tinyint(5) NOT NULL AUTO_INCREMENT, AUTO_INCREMENT=4;
--
-- AUTO_INCREMENT для таблицы `project`
--
ALTER TABLE `project`
  MODIFY `id` int(11) NOT NULL AUTO_INCREMENT, AUTO_INCREMENT=26;
--
-- AUTO_INCREMENT для таблицы `task`
--
ALTER TABLE `task`
  MODIFY `id` int(11) NOT NULL AUTO_INCREMENT, AUTO_INCREMENT=235;
--
-- AUTO_INCREMENT для таблицы `user`
--
ALTER TABLE `user`
  MODIFY `id` int(11) NOT NULL AUTO_INCREMENT, AUTO_INCREMENT=35;COMMIT;

/*!40101 SET CHARACTER_SET_CLIENT=@OLD_CHARACTER_SET_CLIENT */;
/*!40101 SET CHARACTER_SET_RESULTS=@OLD_CHARACTER_SET_RESULTS */;
/*!40101 SET COLLATION_CONNECTION=@OLD_COLLATION_CONNECTION */;
